WorkerThreadPool: 9 threads, 6 max low-priority.
Godot Engine v4.6.3.stable.official.7d41c59c4 - https://godotengine.org
TextServer: Added interface "Dummy"
TextServer: Added interface "ICU / HarfBuzz / Graphite (Built-in)"
Unrecognized output string "misc2" in mapping:
030000008a2e0000dd10000011010000,Hand Held Legend GC Ultimate,a:b0,b:b2,back:b17,dpdown:b5,dpleft:b6,dpright:b7,dpup:b4,guide:b18,leftshoulder:b10,leftstick:b8,lefttrigger:a3,leftx:a0,lefty:a1,misc1:b19,misc2:b24,paddle1:b13,paddle2:b12,rightshoulder:b11,rightstick:b9,righttrigger:a4,rightx:a2,righty:a5,start:b16,x:b1,y:b3,platform:Linux,
Unrecognized output string "misc2" in mapping:
030000000d0f0000ab01000011010000,Horipad Steam,a:b0,b:b1,back:b10,dpdown:h0.4,dpleft:h0.8,dpright:h0.2,dpup:h0.1,guide:b12,leftshoulder:b6,leftstick:b13,lefttrigger:a5,leftx:a0,lefty:a1,misc2:b2,paddle1:b19,paddle2:b18,paddle3:b15,paddle4:b5,rightshoulder:b7,rightstick:b14,righttrigger:a4,rightx:a2,righty:a3,start:b11,x:b3,y:b4,platform:Linux,
Unrecognized output string "misc2" in mapping:
050000000d0f00009601000091000000,Horipad Steam,a:b0,b:b1,back:b10,dpdown:h0.4,dpleft:h0.8,dpright:h0.2,dpup:h0.1,guide:b12,leftshoulder:b6,leftstick:b13,lefttrigger:a5,leftx:a0,lefty:a1,misc2:b2,paddle1:b19,paddle2:b18,paddle3:b15,paddle4:b5,rightshoulder:b7,rightstick:b14,righttrigger:a4,rightx:a2,righty:a3,start:b11,x:b3,y:b4,platform:Linux,
Unrecognized output string "misc2" in mapping:
030000007e0500006920000011010000,Nintendo Switch 2 Pro Controller,a:b0,b:b1,back:b14,dpdown:b8,dpleft:b10,dpright:b9,dpup:b11,guide:b16,leftshoulder:b12,leftstick:b15,lefttrigger:b13,leftx:a0,lefty:a1~,misc1:b17,misc2:b20,paddle1:b18,paddle2:b19,rightshoulder:b4,rightstick:b7,righttrigger:b5,rightx:a2,righty:a3~,start:b6,x:b2,y:b3,platform:Linux,
SDL: Init OK!
Using "default" pen tablet driver...

TextServer: Primary interface set to: "ICU / HarfBuzz / Graphite (Built-in)".
CORE API HASH: 2475187701
EDITOR API HASH: 3867286884
SceneTreeFTI: traversal method DEFAULT
EditorTheme: Generating new theme for the config '3810048042'.
EditorTheme: Generating new icons.
EditorTheme: Generating new fonts.
EditorTheme: Generating new styles.
Regenerating editor help cache
Class 'AbstractPolygon2DEditor' is not exposed, skipping.
Class 'AbstractPolygon2DEditorPlugin' is not exposed, skipping.
Class 'ActionMapEditor' is not exposed, skipping.
Class 'AnchorPresetPicker' is not exposed, skipping.
Class 'AnimationBezierTrackEdit' is not exposed, skipping.
Class 'AnimationLibraryEditor' is not exposed, skipping.
Class 'AnimationMarkerEdit' is not exposed, skipping.
Class 'AnimationMarkerKeyEditEditorPlugin' is not exposed, skipping.
Class 'AnimationNodeBlendSpace1DEditor' is not exposed, skipping.
Class 'AnimationNodeBlendSpace2DEditor' is not exposed, skipping.
Class 'AnimationNodeBlendTreeEditor' is not exposed, skipping.
Class 'AnimationNodeStateMachineEditor' is not exposed, skipping.
Class 'AnimationPlayerEditor' is not exposed, skipping.
Class 'AnimationPlayerEditorPlugin' is not exposed, skipping.
Class 'AnimationTimelineEdit' is not exposed, skipping.
Class 'AnimationTrackEditDefaultPlugin' is not exposed, skipping.
Class 'AnimationTrackEditPlugin' is not exposed, skipping.
Class 'AnimationTrackEditor' is not exposed, skipping.
Class 'AnimationTrackKeyEditEditorPlugin' is not exposed, skipping.
Class 'AnimationTreeEditor' is not exposed, skipping.
Class 'AnimationTreeEditorPlugin' is not exposed, skipping.
Class 'AnimationTreeNodeEditorPlugin' is not exposed, skipping.
Class 'AssetLibraryEditorPlugin' is not exposed, skipping.
Class 'AtlasMergingDialog' is not exposed, skipping.
Class 'AtlasTileProxyObject' is not exposed, skipping.
Class 'AudioBusesEditorPlugin' is not exposed, skipping.
Class 'AudioStreamEditorPlugin' is not exposed, skipping.
Class 'AudioStreamImportSettingsDialog' is not exposed, skipping.
Class 'AudioStreamInteractiveEditorPlugin' is not exposed, skipping.
Class 'AudioStreamInteractiveTransitionEditor' is not exposed, skipping.
Class 'AudioStreamPlayerInternal' is not exposed, skipping.
Class 'AudioStreamPreviewGenerator' is not exposed, skipping.
Class 'AudioStreamRandomizerEditorPlugin' is not exposed, skipping.
Class 'BackgroundProgress' is not exposed, skipping.
Class 'BitMapEditorPlugin' is not exposed, skipping.
Class 'BoneMapEditorPlugin' is not exposed, skipping.
Class 'CPUParticles2DEditorPlugin' is not exposed, skipping.
Class 'CPUParticles3DEditorPlugin' is not exposed, skipping.
Class 'CSGShape3DGizmoPlugin' is not exposed, skipping.
Class 'CSGShapeEditor' is not exposed, skipping.
Class 'Camera2DEditor' is not exposed, skipping.
Class 'Camera2DEditorPlugin' is not exposed, skipping.
Class 'Camera3DEditorPlugin' is not exposed, skipping.
Class 'CanvasItemEditor' is not exposed, skipping.
Class 'CanvasItemEditorPlugin' is not exposed, skipping.
Class 'CanvasItemEditorViewport' is not exposed, skipping.
Class 'CanvasItemMaterialConversionPlugin' is not exposed, skipping.
Class 'Cast2DEditor' is not exposed, skipping.
Class 'Cast2DEditorPlugin' is not exposed, skipping.
Class 'CollisionPolygon2DEditor' is not exposed, skipping.
Class 'CollisionPolygon2DEditorPlugin' is not exposed, skipping.
Class 'CollisionShape2DEditor' is not exposed, skipping.
Class 'CollisionShape2DEditorPlugin' is not exposed, skipping.
Class 'ColorPickerShape' is not exposed, skipping.
Class 'ColorPickerShapeCircle' is not exposed, skipping.
Class 'ColorPickerShapeOKHLRectangle' is not exposed, skipping.
Class 'ColorPickerShapeOKHSLCircle' is not exposed, skipping.
Class 'ColorPickerShapeOKHSRectangle' is not exposed, skipping.
Class 'ColorPickerShapeVHSCircle' is not exposed, skipping.
Class 'ColorPickerShapeWheel' is not exposed, skipping.
Class 'ConnectDialog' is not exposed, skipping.
Class 'ConnectDialogBinds' is not exposed, skipping.
Class 'ConnectionsDock' is not exposed, skipping.
Class 'ControlEditorPlugin' is not exposed, skipping.
Class 'ControlEditorPopupButton' is not exposed, skipping.
Class 'ControlEditorPresetPicker' is not exposed, skipping.
Class 'ControlEditorToolbar' is not exposed, skipping.
Class 'CreateDialog' is not exposed, skipping.
Class 'CurveEditorPlugin' is not exposed, skipping.
Class 'CurvePreviewGenerator' is not exposed, skipping.
Class 'DebugAdapterParser' is not exposed, skipping.
Class 'DebugAdapterServer' is not exposed, skipping.
Class 'DebuggerEditorPlugin' is not exposed, skipping.
Class 'DefaultThemeEditorPreview' is not exposed, skipping.
Class 'DependencyEditor' is not exposed, skipping.
Class 'DependencyEditorOwners' is not exposed, skipping.
Class 'DependencyErrorDialog' is not exposed, skipping.
Class 'DependencyRemoveDialog' is not exposed, skipping.
Class 'DirectoryCreateDialog' is not exposed, skipping.
Class 'DockContextPopup' is not exposed, skipping.
Class 'DockShortcutHandler' is not exposed, skipping.
Class 'DockSplitContainer' is not exposed, skipping.
Class 'DynamicFontImportSettingsData' is not exposed, skipping.
Class 'DynamicFontImportSettingsDialog' is not exposed, skipping.
Class 'EditorAbout' is not exposed, skipping.
Class 'EditorAssetLibrary' is not exposed, skipping.
Class 'EditorAudioBuses' is not exposed, skipping.
Class 'EditorAudioStreamPreviewPlugin' is not exposed, skipping.
Class 'EditorAudioStreamTooltipPlugin' is not exposed, skipping.
Class 'EditorAutoloadSettings' is not exposed, skipping.
Class 'EditorBitmapPreviewPlugin' is not exposed, skipping.
Class 'EditorBottomPanel' is not exposed, skipping.
Class 'EditorBuildProfileManager' is not exposed, skipping.
Class 'EditorConfigFileSyntaxHighlighter' is not exposed, skipping.
Class 'EditorContextMenuPluginManager' is not exposed, skipping.
Class 'EditorDebuggerInspector' is not exposed, skipping.
Class 'EditorDebuggerNode' is not exposed, skipping.
Class 'EditorDebuggerRemoteObjects' is not exposed, skipping.
Class 'EditorDebuggerTree' is not exposed, skipping.
Class 'EditorDirDialog' is not exposed, skipping.
Class 'EditorDockDragHint' is not exposed, skipping.
Class 'EditorDockManager' is not exposed, skipping.
Class 'EditorEventSearchBar' is not exposed, skipping.
Class 'EditorExport' is not exposed, skipping.
Class 'EditorExportGDScript' is not exposed, skipping.
Class 'EditorExpressionEvaluator' is not exposed, skipping.
Class 'EditorFeatureProfileManager' is not exposed, skipping.
Class 'EditorFileServer' is not exposed, skipping.
Class 'EditorFileSystemImportFormatSupportQueryBlend' is not exposed, skipping.
Class 'EditorFontPreviewPlugin' is not exposed, skipping.
Class 'EditorGradientPreviewPlugin' is not exposed, skipping.
Class 'EditorHelpBit' is not exposed, skipping.
Class 'EditorHelpSearch' is not exposed, skipping.
Class 'EditorImagePreviewPlugin' is not exposed, skipping.
Class 'EditorImportBlendRunner' is not exposed, skipping.
Class 'EditorInspectorCategory' is not exposed, skipping.
Class 'EditorInspectorDefaultPlugin' is not exposed, skipping.
Class 'EditorInspectorParticleProcessMaterialPlugin' is not exposed, skipping.
Class 'EditorInspectorPlugin3DTexture' is not exposed, skipping.
Class 'EditorInspectorPluginAnimationMarkerKeyEdit' is not exposed, skipping.
Class 'EditorInspectorPluginAnimationNodeAnimation' is not exposed, skipping.
Class 'EditorInspectorPluginAnimationTrackKeyEdit' is not exposed, skipping.
Class 'EditorInspectorPluginAudioStream' is not exposed, skipping.
Class 'EditorInspectorPluginAudioStreamInteractive' is not exposed, skipping.
Class 'EditorInspectorPluginBitMap' is not exposed, skipping.
Class 'EditorInspectorPluginBoneMap' is not exposed, skipping.
Class 'EditorInspectorPluginCamera3DPreview' is not exposed, skipping.
Class 'EditorInspectorPluginControl' is not exposed, skipping.
Class 'EditorInspectorPluginCurve' is not exposed, skipping.
Class 'EditorInspectorPluginFontPreview' is not exposed, skipping.
Class 'EditorInspectorPluginFontVariation' is not exposed, skipping.
Class 'EditorInspectorPluginGradient' is not exposed, skipping.
Class 'EditorInspectorPluginGradientTexture2D' is not exposed, skipping.
Class 'EditorInspectorPluginInputEvent' is not exposed, skipping.
Class 'EditorInspectorPluginLayeredTexture' is not exposed, skipping.
Class 'EditorInspectorPluginMaterial' is not exposed, skipping.
Class 'EditorInspectorPluginMesh' is not exposed, skipping.
Class 'EditorInspectorPluginPackedScene' is not exposed, skipping.
Class 'EditorInspectorPluginSkeleton' is not exposed, skipping.
Class 'EditorInspectorPluginStyleBox' is not exposed, skipping.
Class 'EditorInspectorPluginSubViewportPreview' is not exposed, skipping.
Class 'EditorInspectorPluginSystemFont' is not exposed, skipping.
Class 'EditorInspectorPluginTexture' is not exposed, skipping.
Class 'EditorInspectorPluginTextureRegion' is not exposed, skipping.
Class 'EditorInspectorPluginTileData' is not exposed, skipping.
Class 'EditorInspectorRootMotionPlugin' is not exposed, skipping.
Class 'EditorInspectorToolButtonPlugin' is not exposed, skipping.
Class 'EditorInspectorVisualShaderModePlugin' is not exposed, skipping.
Class 'EditorJSONSyntaxHighlighter' is not exposed, skipping.
Class 'EditorLayoutsDialog' is not exposed, skipping.
Class 'EditorLocaleDialog' is not exposed, skipping.
Class 'EditorLog' is not exposed, skipping.
Class 'EditorMainScreen' is not exposed, skipping.
Class 'EditorMarkdownSyntaxHighlighter' is not exposed, skipping.
Class 'EditorMaterialPreviewPlugin' is not exposed, skipping.
Class 'EditorMeshPreviewPlugin' is not exposed, skipping.
Class 'EditorNativeShaderSourceVisualizer' is not exposed, skipping.
Class 'EditorNode' is not exposed, skipping.
Class 'EditorOBJImporter' is not exposed, skipping.
Class 'EditorObjectSelector' is not exposed, skipping.
Class 'EditorPackedScenePreviewPlugin' is not exposed, skipping.
Class 'EditorPerformanceProfiler' is not exposed, skipping.
Class 'EditorPluginCSG' is not exposed, skipping.
Class 'EditorPluginSettings' is not exposed, skipping.
Class 'EditorProfiler' is not exposed, skipping.
Class 'EditorPropertyInteger' is not exposed, skipping.
Class 'EditorPropertyNameProcessor' is not exposed, skipping.
Class 'EditorPropertyPath' is not exposed, skipping.
Class 'EditorPropertyVector2i' is not exposed, skipping.
Class 'EditorPropertyVectorN' is not exposed, skipping.
Class 'EditorQuickOpenDialog' is not exposed, skipping.
Class 'EditorRunBar' is not exposed, skipping.
Class 'EditorRunNative' is not exposed, skipping.
Class 'EditorSceneExporterGLTFSettings' is not exposed, skipping.
Class 'EditorSceneFormatImporterCollada' is not exposed, skipping.
Class 'EditorSceneFormatImporterESCN' is not exposed, skipping.
Class 'EditorSceneTabs' is not exposed, skipping.
Class 'EditorScriptPlugin' is not exposed, skipping.
Class 'EditorScriptPreviewPlugin' is not exposed, skipping.
Class 'EditorSettingsDialog' is not exposed, skipping.
Class 'EditorSettingsInspectorPlugin' is not exposed, skipping.
Class 'EditorShaderLanguagePlugin' is not exposed, skipping.
Class 'EditorTexturePreviewPlugin' is not exposed, skipping.
Class 'EditorTextureTooltipPlugin' is not exposed, skipping.
Class 'EditorTheme' is not exposed, skipping.
Class 'EditorTitleBar' is not exposed, skipping.
Class 'EditorTranslationPreviewButton' is not exposed, skipping.
Class 'EditorTranslationPreviewMenu' is not exposed, skipping.
Class 'EditorValidationPanel' is not exposed, skipping.
Class 'EditorVariantTypeOptionButton' is not exposed, skipping.
Class 'EditorVersionButton' is not exposed, skipping.
Class 'EditorVisualProfiler' is not exposed, skipping.
Class 'EditorZoomWidget' is not exposed, skipping.
Class 'EmbeddedProcess' is not exposed, skipping.
Class 'EmbeddedProcessBase' is not exposed, skipping.
Class 'EventListenerLineEdit' is not exposed, skipping.
Class 'ExportTemplateManager' is not exposed, skipping.
Class 'FBXImporterManager' is not exposed, skipping.
Class 'FileSystemList' is not exposed, skipping.
Class 'FindInFilesContainer' is not exposed, skipping.
Class 'FindInFilesDialog' is not exposed, skipping.
Class 'FindReplaceBar' is not exposed, skipping.
Class 'FogMaterialConversionPlugin' is not exposed, skipping.
Class 'FontEditorPlugin' is not exposed, skipping.
Class 'GDScriptEditorTranslationParserPlugin' is not exposed, skipping.
Class 'GDScriptLanguageServer' is not exposed, skipping.
Class 'GDScriptNativeClass' is not exposed, skipping.
Class 'GLTFDocumentExtensionPhysics' is not exposed, skipping.
Class 'GLTFDocumentExtensionTextureKTX' is not exposed, skipping.
Class 'GLTFDocumentExtensionTextureWebP' is not exposed, skipping.
Class 'GPUParticles2DEditorPlugin' is not exposed, skipping.
Class 'GPUParticles3DEditorPlugin' is not exposed, skipping.
Class 'GPUParticlesCollisionSDF3DEditorPlugin' is not exposed, skipping.
Class 'GameView' is not exposed, skipping.
Class 'GameViewDebugger' is not exposed, skipping.
Class 'GameViewPlugin' is not exposed, skipping.
Class 'GameViewPluginBase' is not exposed, skipping.
Class 'Gizmo3DHelper' is not exposed, skipping.
Class 'GodotNavigationServer2D' is not exposed, skipping.
Class 'GodotPhysicsServer2D' is not exposed, skipping.
Class 'GradientEditorPlugin' is not exposed, skipping.
Class 'GradientTexture2DEditorPlugin' is not exposed, skipping.
Class 'GraphEditFilter' is not exposed, skipping.
Class 'GraphEditMinimap' is not exposed, skipping.
Class 'GroupSettingsEditor' is not exposed, skipping.
Class 'GroupsDock' is not exposed, skipping.
Class 'GroupsEditor' is not exposed, skipping.
Class 'HistoryDock' is not exposed, skipping.
Class 'IPUnix' is not exposed, skipping.
Class 'ImportDefaultsEditor' is not exposed, skipping.
Class 'ImportDefaultsEditorSettings' is not exposed, skipping.
Class 'ImportDock' is not exposed, skipping.
Class 'ImportDockParameters' is not exposed, skipping.
Class 'InputEventConfigurationDialog' is not exposed, skipping.
Class 'InputEventEditorPlugin' is not exposed, skipping.
Class 'InspectorDock' is not exposed, skipping.
Class 'JoltPhysicsServer3D' is not exposed, skipping.
Class 'LightOccluder2DEditor' is not exposed, skipping.
Class 'LightOccluder2DEditorPlugin' is not exposed, skipping.
Class 'LightmapGIEditorPlugin' is not exposed, skipping.
Class 'Line2DEditor' is not exposed, skipping.
Class 'Line2DEditorPlugin' is not exposed, skipping.
Class 'LocalizationEditor' is not exposed, skipping.
Class 'MarginContainerEditorPlugin' is not exposed, skipping.
Class 'MaterialEditorPlugin' is not exposed, skipping.
Class 'MeshEditorPlugin' is not exposed, skipping.
Class 'MeshInstance3DEditor' is not exposed, skipping.
Class 'MeshInstance3DEditorPlugin' is not exposed, skipping.
Class 'MeshLibraryEditor' is not exposed, skipping.
Class 'MeshLibraryEditorPlugin' is not exposed, skipping.
Class 'MovieWriterMJPEG' is not exposed, skipping.
Class 'MovieWriterOGV' is not exposed, skipping.
Class 'MovieWriterPNGWAV' is not exposed, skipping.
Class 'MultiMeshEditor' is not exposed, skipping.
Class 'MultiMeshEditorPlugin' is not exposed, skipping.
Class 'MultiplayerEditorDebugger' is not exposed, skipping.
Class 'MultiplayerEditorPlugin' is not exposed, skipping.
Class 'NavigationLink2DEditor' is not exposed, skipping.
Class 'NavigationLink2DEditorPlugin' is not exposed, skipping.
Class 'NavigationLink3DEditorPlugin' is not exposed, skipping.
Class 'NavigationLink3DGizmoPlugin' is not exposed, skipping.
Class 'NavigationObstacle2DEditor' is not exposed, skipping.
Class 'NavigationObstacle2DEditorPlugin' is not exposed, skipping.
Class 'NavigationObstacle3DEditorPlugin' is not exposed, skipping.
Class 'NavigationObstacle3DGizmoPlugin' is not exposed, skipping.
Class 'NavigationRegion2DEditor' is not exposed, skipping.
Class 'NavigationRegion2DEditorPlugin' is not exposed, skipping.
Class 'NavigationRegion3DEditor' is not exposed, skipping.
Class 'NavigationRegion3DEditorPlugin' is not exposed, skipping.
Class 'NavigationRegion3DGizmoPlugin' is not exposed, skipping.
Class 'Node3DEditor' is not exposed, skipping.
Class 'Node3DEditorPlugin' is not exposed, skipping.
Class 'Node3DEditorViewport' is not exposed, skipping.
Class 'Node3DEditorViewportContainer' is not exposed, skipping.
Class 'NoiseEditorInspectorPlugin' is not exposed, skipping.
Class 'NoiseEditorPlugin' is not exposed, skipping.
Class 'ORMMaterial3DConversionPlugin' is not exposed, skipping.
Class 'ObjectDBProfilerDebuggerPlugin' is not exposed, skipping.
Class 'ObjectDBProfilerPlugin' is not exposed, skipping.
Class 'OccluderInstance3DEditorPlugin' is not exposed, skipping.
Class 'OpenXREditorPlugin' is not exposed, skipping.
Class 'OrphanResourcesDialog' is not exposed, skipping.
Class 'PackedSceneEditorPlugin' is not exposed, skipping.
Class 'PackedSceneEditorTranslationParserPlugin' is not exposed, skipping.
Class 'PanoramaSkyMaterialConversionPlugin' is not exposed, skipping.
Class 'ParallaxBackgroundEditorPlugin' is not exposed, skipping.
Class 'ParticleProcessMaterialConversionPlugin' is not exposed, skipping.
Class 'Particles2DEditorPlugin' is not exposed, skipping.
Class 'Particles3DEditorPlugin' is not exposed, skipping.
Class 'ParticlesEditorPlugin' is not exposed, skipping.
Class 'Path2DEditor' is not exposed, skipping.
Class 'Path2DEditorPlugin' is not exposed, skipping.
Class 'Path3DEditorPlugin' is not exposed, skipping.
Class 'Path3DGizmoPlugin' is not exposed, skipping.
Class 'PhysicalBone3DEditorPlugin' is not exposed, skipping.
Class 'PhysicalSkyMaterialConversionPlugin' is not exposed, skipping.
Class 'PluginConfigDialog' is not exposed, skipping.
Class 'Polygon2DEditor' is not exposed, skipping.
Class 'Polygon2DEditorPlugin' is not exposed, skipping.
Class 'Polygon3DEditor' is not exposed, skipping.
Class 'Polygon3DEditorPlugin' is not exposed, skipping.
Class 'PostImportPluginSkeletonRenamer' is not exposed, skipping.
Class 'PostImportPluginSkeletonRestFixer' is not exposed, skipping.
Class 'PostImportPluginSkeletonTrackOrganizer' is not exposed, skipping.
Class 'PreviewSunEnvPopup' is not exposed, skipping.
Class 'ProceduralSkyMaterialConversionPlugin' is not exposed, skipping.
Class 'ProgressDialog' is not exposed, skipping.
Class 'ProjectExportDialog' is not exposed, skipping.
Class 'ProjectExportTextureFormatError' is not exposed, skipping.
Class 'ProjectSettingsEditor' is not exposed, skipping.
Class 'ProjectUpgradeTool' is not exposed, skipping.
Class 'PropertySelector' is not exposed, skipping.
Class 'QuickOpenResultContainer' is not exposed, skipping.
Class 'RenameDialog' is not exposed, skipping.
Class 'ReparentDialog' is not exposed, skipping.
Class 'ReplicationEditor' is not exposed, skipping.
Class 'ResourceFormatImporterSaver' is not exposed, skipping.
Class 'ResourcePreloaderEditor' is not exposed, skipping.
Class 'ResourcePreloaderEditorPlugin' is not exposed, skipping.
Class 'RunInstancesDialog' is not exposed, skipping.
Class 'SceneCacheInterface' is not exposed, skipping.
Class 'SceneCreateDialog' is not exposed, skipping.
Class 'SceneExporterGLTFPlugin' is not exposed, skipping.
Class 'SceneImportSettingsData' is not exposed, skipping.
Class 'SceneImportSettingsDialog' is not exposed, skipping.
Class 'SceneRPCInterface' is not exposed, skipping.
Class 'SceneReplicationInterface' is not exposed, skipping.
Class 'SceneTileProxyObject' is not exposed, skipping.
SceneTreeFTI: traversal method DEFAULT
Class 'SceneTreeDialog' is not exposed, skipping.
Class 'SceneTreeDock' is not exposed, skipping.
Class 'SceneTreeEditor' is not exposed, skipping.
Class 'ScreenSelect' is not exposed, skipping.
Class 'ScriptEditorDebugger' is not exposed, skipping.
Class 'ScriptEditorPlugin' is not exposed, skipping.
Class 'SectionedInspector' is not exposed, skipping.
Class 'SectionedInspectorFilter' is not exposed, skipping.
Class 'ShaderBakerExportPluginPlatform' is not exposed, skipping.
Class 'ShaderBakerExportPluginPlatformVulkan' is not exposed, skipping.
Class 'ShaderCreateDialog' is not exposed, skipping.
Class 'ShaderEditorPlugin' is not exposed, skipping.
Class 'ShaderFileEditor' is not exposed, skipping.
Class 'ShaderFileEditorPlugin' is not exposed, skipping.
Class 'ShaderGlobalsEditor' is not exposed, skipping.
Class 'ShaderGlobalsEditorInterface' is not exposed, skipping.
Class 'SignalsDock' is not exposed, skipping.
Class 'SizeFlagPresetPicker' is not exposed, skipping.
Class 'Skeleton2DEditor' is not exposed, skipping.
Class 'Skeleton2DEditorPlugin' is not exposed, skipping.
Class 'Skeleton3DEditorPlugin' is not exposed, skipping.
Class 'Skeleton3DGizmoPlugin' is not exposed, skipping.
Class 'SkeletonIK3DEditorPlugin' is not exposed, skipping.
Class 'SnapDialog' is not exposed, skipping.
Class 'SpinBoxLineEdit' is not exposed, skipping.
Class 'SplitContainerDragger' is not exposed, skipping.
Class 'Sprite2DEditor' is not exposed, skipping.
Class 'Sprite2DEditorPlugin' is not exposed, skipping.
Class 'SpriteFramesEditor' is not exposed, skipping.
Class 'SpriteFramesEditorPlugin' is not exposed, skipping.
Class 'StandardMaterial3DConversionPlugin' is not exposed, skipping.
Class 'StyleBoxEditorPlugin' is not exposed, skipping.
Class 'SubViewportPreviewEditorPlugin' is not exposed, skipping.
Class 'SwitchSeparator' is not exposed, skipping.
Class 'TextShaderLanguagePlugin' is not exposed, skipping.
Class 'Texture3DEditorPlugin' is not exposed, skipping.
Class 'TextureEditorPlugin' is not exposed, skipping.
Class 'TextureLayeredEditorPlugin' is not exposed, skipping.
Class 'TextureRegionEditor' is not exposed, skipping.
Class 'TextureRegionEditorPlugin' is not exposed, skipping.
Class 'ThemeContext' is not exposed, skipping.
Class 'ThemeEditor' is not exposed, skipping.
Class 'ThemeEditorPlugin' is not exposed, skipping.
Class 'ThemeEditorPreview' is not exposed, skipping.
Class 'ThemeItemEditorDialog' is not exposed, skipping.
Class 'ThemeItemImportTree' is not exposed, skipping.
Class 'ThemeTypeDialog' is not exposed, skipping.
Class 'ThemeTypeEditor' is not exposed, skipping.
Class 'TileAtlasView' is not exposed, skipping.
Class 'TileMapEditorPlugin' is not exposed, skipping.
Class 'TileMapLayerEditor' is not exposed, skipping.
Class 'TileMapLayerEditorTerrainsPlugin' is not exposed, skipping.
Class 'TileMapLayerEditorTilesPlugin' is not exposed, skipping.
Class 'TileProxiesManagerDialog' is not exposed, skipping.
Class 'TileSetAtlasSourceEditor' is not exposed, skipping.
Class 'TileSetAtlasSourceProxyObject' is not exposed, skipping.
Class 'TileSetEditor' is not exposed, skipping.
Class 'TileSetEditorPlugin' is not exposed, skipping.
Class 'TileSetScenesCollectionProxyObject' is not exposed, skipping.
Class 'TileSetScenesCollectionSourceEditor' is not exposed, skipping.
Class 'TileSetSourceItemList' is not exposed, skipping.
Class 'TileSourceInspectorPlugin' is not exposed, skipping.
Class 'TilesEditorUtils' is not exposed, skipping.
Class 'ToolButtonEditorPlugin' is not exposed, skipping.
Class 'VersionControlEditorPlugin' is not exposed, skipping.
Class 'ViewPanner' is not exposed, skipping.
Class 'ViewportNavigationControl' is not exposed, skipping.
Class 'ViewportRotationControl' is not exposed, skipping.
Class 'VisualShaderConversionPlugin' is not exposed, skipping.
Class 'VisualShaderLanguagePlugin' is not exposed, skipping.
Class 'VoxelGIEditorPlugin' is not exposed, skipping.
Class 'WindowWrapper' is not exposed, skipping.
Loaded system CA certificates
[   0% ] [90m[1mfirst_scan_filesystem[22m | Started Project initialization (5 steps)[39m[0m
[   0% ] [90m[1mfirst_scan_filesystem[22m | Scanning file structure...[39m[0m
[  16% ] [90m[1mfirst_scan_filesystem[22m | Loading global class names...[39m[0m
[  33% ] [90m[1mfirst_scan_filesystem[22m | Verifying GDExtensions...[39m[0m
[  50% ] [90m[1mfirst_scan_filesystem[22m | Creating autoload scripts...[39m[0m
Loading resource: res://core/localization/locale_manager.gd
Loading resource: res://localization/de.po
Loading resource: res://localization/en.po
Loading resource: res://autoload/game_state.gd
Loading resource: res://world/generation/world_generator_planetary_v9.gd
Loading resource: res://core/display_settings.gd
Loading resource: res://autoload/progression_service.gd
Loading resource: res://autoload/save_game_service.gd
Loading resource: res://autoload/session_flow.gd
Loading resource: res://audio/runtime/audio_manager.gd
[  66% ] [90m[1mfirst_scan_filesystem[22m | Initializing plugins...[39m[0m
[  83% ] [90m[1mfirst_scan_filesystem[22m | Starting file scan...[39m[0m
[92m[ DONE ][39m [1mfirst_scan_filesystem[22m
[0m
[   0% ] [90m[1mupdate_scripts_classes[22m | Started Registering global classes... (668 steps)[39m[0m
[   0% ] [90m[1mupdate_scripts_classes[22m | CreatureAssemblyAdapter[39m[0m
[   0% ] [90m[1mupdate_scripts_classes[22m | [39m[0m
[   0% ] [90m[1mupdate_scripts_classes[22m | [39m[0m
[   0% ] [90m[1mupdate_scripts_classes[22m | [39m[0m
[   0% ] [90m[1mupdate_scripts_classes[22m | ModularAssembly[39m[0m
[   0% ] [90m[1mupdate_scripts_classes[22m | ModularAssemblyHistory[39m[0m
[   0% ] [90m[1mupdate_scripts_classes[22m | [39m[0m
[   1% ] [90m[1mupdate_scripts_classes[22m | [39m[0m
[   1% ] [90m[1mupdate_scripts_classes[22m | [39m[0m
[   1% ] [90m[1mupdate_scripts_classes[22m | [39m[0m
[   1% ] [90m[1mupdate_scripts_classes[22m | ModularAssetAssembler[39m[0m
[   1% ] [90m[1mupdate_scripts_classes[22m | ModularAssetResolver[39m[0m
[   1% ] [90m[1mupdate_scripts_classes[22m | ModularVoxelMeshBuilder[39m[0m
[   1% ] [90m[1mupdate_scripts_classes[22m | AssetCatalog[39m[0m
[   2% ] [90m[1mupdate_scripts_classes[22m | [39m[0m
[   2% ] [90m[1mupdate_scripts_classes[22m | [39m[0m
[   2% ] [90m[1mupdate_scripts_classes[22m | [39m[0m
[   2% ] [90m[1mupdate_scripts_classes[22m | [39m[0m
[   2% ] [90m[1mupdate_scripts_classes[22m | [39m[0m
[   2% ] [90m[1mupdate_scripts_classes[22m | [39m[0m
[   2% ] [90m[1mupdate_scripts_classes[22m | [39m[0m
[   3% ] [90m[1mupdate_scripts_classes[22m | [39m[0m
[   3% ] [90m[1mupdate_scripts_classes[22m | [39m[0m
[   3% ] [90m[1mupdate_scripts_classes[22m | [39m[0m
[   3% ] [90m[1mupdate_scripts_classes[22m | [39m[0m
[   3% ] [90m[1mupdate_scripts_classes[22m | [39m[0m
[   3% ] [90m[1mupdate_scripts_classes[22m | [39m[0m
[   4% ] [90m[1mupdate_scripts_classes[22m | [39m[0m
[   4% ] [90m[1mupdate_scripts_classes[22m | [39m[0m
[   4% ] [90m[1mupdate_scripts_classes[22m | [39m[0m
[   4% ] [90m[1mupdate_scripts_classes[22m | [39m[0m
[   4% ] [90m[1mupdate_scripts_classes[22m | [39m[0m
[   4% ] [90m[1mupdate_scripts_classes[22m | [39m[0m
[   4% ] [90m[1mupdate_scripts_classes[22m | [39m[0m
[   5% ] [90m[1mupdate_scripts_classes[22m | [39m[0m
[   5% ] [90m[1mupdate_scripts_classes[22m | [39m[0m
[   5% ] [90m[1mupdate_scripts_classes[22m | [39m[0m
[   5% ] [90m[1mupdate_scripts_classes[22m | [39m[0m
[   5% ] [90m[1mupdate_scripts_classes[22m | [39m[0m
[   5% ] [90m[1mupdate_scripts_classes[22m | BuildingBlueprint[39m[0m
[   5% ] [90m[1mupdate_scripts_classes[22m | BuildingBuilder[39m[0m
[   6% ] [90m[1mupdate_scripts_classes[22m | [39m[0m
[   6% ] [90m[1mupdate_scripts_classes[22m | BuildingDesignRegistry[39m[0m
[   6% ] [90m[1mupdate_scripts_classes[22m | BuildingPartLibrary[39m[0m
[   6% ] [90m[1mupdate_scripts_classes[22m | BuildingRuntimeVisual[39m[0m
[   6% ] [90m[1mupdate_scripts_classes[22m | [39m[0m
[   6% ] [90m[1mupdate_scripts_classes[22m | CampaignIds[39m[0m
[   7% ] [90m[1mupdate_scripts_classes[22m | CampaignState[39m[0m
[   7% ] [90m[1mupdate_scripts_classes[22m | [39m[0m
[   7% ] [90m[1mupdate_scripts_classes[22m | CampaignGameEvent[39m[0m
[   7% ] [90m[1mupdate_scripts_classes[22m | [39m[0m
[   7% ] [90m[1mupdate_scripts_classes[22m | [39m[0m
[   7% ] [90m[1mupdate_scripts_classes[22m | [39m[0m
[   7% ] [90m[1mupdate_scripts_classes[22m | [39m[0m
[   8% ] [90m[1mupdate_scripts_classes[22m | [39m[0m
[   8% ] [90m[1mupdate_scripts_classes[22m | [39m[0m
[   8% ] [90m[1mupdate_scripts_classes[22m | [39m[0m
[   8% ] [90m[1mupdate_scripts_classes[22m | [39m[0m
[   8% ] [90m[1mupdate_scripts_classes[22m | [39m[0m
[   8% ] [90m[1mupdate_scripts_classes[22m | [39m[0m
[   8% ] [90m[1mupdate_scripts_classes[22m | [39m[0m
[   9% ] [90m[1mupdate_scripts_classes[22m | [39m[0m
[   9% ] [90m[1mupdate_scripts_classes[22m | [39m[0m
[   9% ] [90m[1mupdate_scripts_classes[22m | [39m[0m
[   9% ] [90m[1mupdate_scripts_classes[22m | [39m[0m
[   9% ] [90m[1mupdate_scripts_classes[22m | [39m[0m
[   9% ] [90m[1mupdate_scripts_classes[22m | [39m[0m
[  10% ] [90m[1mupdate_scripts_classes[22m | [39m[0m
[  10% ] [90m[1mupdate_scripts_classes[22m | [39m[0m
[  10% ] [90m[1mupdate_scripts_classes[22m | [39m[0m
[  10% ] [90m[1mupdate_scripts_classes[22m | [39m[0m
[  10% ] [90m[1mupdate_scripts_classes[22m | [39m[0m
[  10% ] [90m[1mupdate_scripts_classes[22m | [39m[0m
[  10% ] [90m[1mupdate_scripts_classes[22m | [39m[0m
[  11% ] [90m[1mupdate_scripts_classes[22m | [39m[0m
[  11% ] [90m[1mupdate_scripts_classes[22m | [39m[0m
[  11% ] [90m[1mupdate_scripts_classes[22m | [39m[0m
[  11% ] [90m[1mupdate_scripts_classes[22m | AtomicJson[39m[0m
[  11% ] [90m[1mupdate_scripts_classes[22m | DesignCompatibility[39m[0m
[  11% ] [90m[1mupdate_scripts_classes[22m | CampaignDesignStore[39m[0m
[  11% ] [90m[1mupdate_scripts_classes[22m | [39m[0m
[  12% ] [90m[1mupdate_scripts_classes[22m | [39m[0m
[  12% ] [90m[1mupdate_scripts_classes[22m | [39m[0m
[  12% ] [90m[1mupdate_scripts_classes[22m | [39m[0m
[  12% ] [90m[1mupdate_scripts_classes[22m | BehaviorCatalog[39m[0m
[  12% ] [90m[1mupdate_scripts_classes[22m | BehaviorProgression[39m[0m
[  12% ] [90m[1mupdate_scripts_classes[22m | [39m[0m
[  13% ] [90m[1mupdate_scripts_classes[22m | CreatureEncounters[39m[0m
[  13% ] [90m[1mupdate_scripts_classes[22m | DevelopmentPath[39m[0m
[  13% ] [90m[1mupdate_scripts_classes[22m | PhaseProgressionPlan[39m[0m
[  13% ] [90m[1mupdate_scripts_classes[22m | [39m[0m
[  13% ] [90m[1mupdate_scripts_classes[22m | [39m[0m
[  13% ] [90m[1mupdate_scripts_classes[22m | [39m[0m
[  13% ] [90m[1mupdate_scripts_classes[22m | [39m[0m
[  14% ] [90m[1mupdate_scripts_classes[22m | [39m[0m
[  14% ] [90m[1mupdate_scripts_classes[22m | [39m[0m
[  14% ] [90m[1mupdate_scripts_classes[22m | [39m[0m
[  14% ] [90m[1mupdate_scripts_classes[22m | [39m[0m
[  14% ] [90m[1mupdate_scripts_classes[22m | [39m[0m
[  14% ] [90m[1mupdate_scripts_classes[22m | [39m[0m
[  14% ] [90m[1mupdate_scripts_classes[22m | [39m[0m
[  15% ] [90m[1mupdate_scripts_classes[22m | [39m[0m
[  15% ] [90m[1mupdate_scripts_classes[22m | [39m[0m
[  15% ] [90m[1mupdate_scripts_classes[22m | [39m[0m
[  15% ] [90m[1mupdate_scripts_classes[22m | [39m[0m
[  15% ] [90m[1mupdate_scripts_classes[22m | [39m[0m
[  15% ] [90m[1mupdate_scripts_classes[22m | [39m[0m
[  15% ] [90m[1mupdate_scripts_classes[22m | [39m[0m
[  16% ] [90m[1mupdate_scripts_classes[22m | [39m[0m
[  16% ] [90m[1mupdate_scripts_classes[22m | [39m[0m
[  16% ] [90m[1mupdate_scripts_classes[22m | [39m[0m
[  16% ] [90m[1mupdate_scripts_classes[22m | [39m[0m
[  16% ] [90m[1mupdate_scripts_classes[22m | [39m[0m
[  16% ] [90m[1mupdate_scripts_classes[22m | [39m[0m
[  17% ] [90m[1mupdate_scripts_classes[22m | [39m[0m
[  17% ] [90m[1mupdate_scripts_classes[22m | CreatureAnatomy[39m[0m
[  17% ] [90m[1mupdate_scripts_classes[22m | CreatureAssemblyBlueprintV7[39m[0m
[  17% ] [90m[1mupdate_scripts_classes[22m | CreatureAttachmentNormalizer[39m[0m
[  17% ] [90m[1mupdate_scripts_classes[22m | CreatureBlueprint[39m[0m
[  17% ] [90m[1mupdate_scripts_classes[22m | CreatureBlueprintV5[39m[0m
[  17% ] [90m[1mupdate_scripts_classes[22m | CreatureBuilderHistoryV7[39m[0m
[  18% ] [90m[1mupdate_scripts_classes[22m | [39m[0m
[  18% ] [90m[1mupdate_scripts_classes[22m | [39m[0m
[  18% ] [90m[1mupdate_scripts_classes[22m | [39m[0m
[  18% ] [90m[1mupdate_scripts_classes[22m | [39m[0m
[  18% ] [90m[1mupdate_scripts_classes[22m | [39m[0m
[  18% ] [90m[1mupdate_scripts_classes[22m | [39m[0m
[  18% ] [90m[1mupdate_scripts_classes[22m | [39m[0m
[  19% ] [90m[1mupdate_scripts_classes[22m | [39m[0m
[  19% ] [90m[1mupdate_scripts_classes[22m | [39m[0m
[  19% ] [90m[1mupdate_scripts_classes[22m | [39m[0m
[  19% ] [90m[1mupdate_scripts_classes[22m | [39m[0m
[  19% ] [90m[1mupdate_scripts_classes[22m | [39m[0m
[  19% ] [90m[1mupdate_scripts_classes[22m | [39m[0m
[  20% ] [90m[1mupdate_scripts_classes[22m | [39m[0m
[  20% ] [90m[1mupdate_scripts_classes[22m | [39m[0m
[  20% ] [90m[1mupdate_scripts_classes[22m | [39m[0m
[  20% ] [90m[1mupdate_scripts_classes[22m | CreaturePartLibrary[39m[0m
[  20% ] [90m[1mupdate_scripts_classes[22m | CreaturePreview[39m[0m
[  20% ] [90m[1mupdate_scripts_classes[22m | [39m[0m
[  20% ] [90m[1mupdate_scripts_classes[22m | [39m[0m
[  21% ] [90m[1mupdate_scripts_classes[22m | [39m[0m
[  21% ] [90m[1mupdate_scripts_classes[22m | [39m[0m
[  21% ] [90m[1mupdate_scripts_classes[22m | CreatureSurfaceSocketsV7[39m[0m
[  21% ] [90m[1mupdate_scripts_classes[22m | [39m[0m
[  21% ] [90m[1mupdate_scripts_classes[22m | [39m[0m
[  21% ] [90m[1mupdate_scripts_classes[22m | [39m[0m
[  21% ] [90m[1mupdate_scripts_classes[22m | [39m[0m
[  22% ] [90m[1mupdate_scripts_classes[22m | [39m[0m
[  22% ] [90m[1mupdate_scripts_classes[22m | PlayerController[39m[0m
[  22% ] [90m[1mupdate_scripts_classes[22m | [39m[0m
[  22% ] [90m[1mupdate_scripts_classes[22m | [39m[0m
[  22% ] [90m[1mupdate_scripts_classes[22m | AdaptiveLocomotionAnimator[39m[0m
[  22% ] [90m[1mupdate_scripts_classes[22m | [39m[0m
[  23% ] [90m[1mupdate_scripts_classes[22m | [39m[0m
[  23% ] [90m[1mupdate_scripts_classes[22m | [39m[0m
[  23% ] [90m[1mupdate_scripts_classes[22m | [39m[0m
[  23% ] [90m[1mupdate_scripts_classes[22m | [39m[0m
[  23% ] [90m[1mupdate_scripts_classes[22m | [39m[0m
[  23% ] [90m[1mupdate_scripts_classes[22m | [39m[0m
[  23% ] [90m[1mupdate_scripts_classes[22m | [39m[0m
[  24% ] [90m[1mupdate_scripts_classes[22m | [39m[0m
[  24% ] [90m[1mupdate_scripts_classes[22m | [39m[0m
[  24% ] [90m[1mupdate_scripts_classes[22m | [39m[0m
[  24% ] [90m[1mupdate_scripts_classes[22m | [39m[0m
[  24% ] [90m[1mupdate_scripts_classes[22m | [39m[0m
[  24% ] [90m[1mupdate_scripts_classes[22m | CreatureRuntimePreview[39m[0m
[  24% ] [90m[1mupdate_scripts_classes[22m | CreatureRuntimeVisual[39m[0m
[  25% ] [90m[1mupdate_scripts_classes[22m | [39m[0m
[  25% ] [90m[1mupdate_scripts_classes[22m | [39m[0m
[  25% ] [90m[1mupdate_scripts_classes[22m | [39m[0m
[  25% ] [90m[1mupdate_scripts_classes[22m | [39m[0m
[  25% ] [90m[1mupdate_scripts_classes[22m | [39m[0m
[  25% ] [90m[1mupdate_scripts_classes[22m | [39m[0m
[  26% ] [90m[1mupdate_scripts_classes[22m | [39m[0m
[  26% ] [90m[1mupdate_scripts_classes[22m | SpeciesAssemblyFactoryV7[39m[0m
[  26% ] [90m[1mupdate_scripts_classes[22m | [39m[0m
[  26% ] [90m[1mupdate_scripts_classes[22m | [39m[0m
[  26% ] [90m[1mupdate_scripts_classes[22m | [39m[0m
[  26% ] [90m[1mupdate_scripts_classes[22m | [39m[0m
[  26% ] [90m[1mupdate_scripts_classes[22m | [39m[0m
[  27% ] [90m[1mupdate_scripts_classes[22m | [39m[0m
[  27% ] [90m[1mupdate_scripts_classes[22m | [39m[0m
[  27% ] [90m[1mupdate_scripts_classes[22m | [39m[0m
[  27% ] [90m[1mupdate_scripts_classes[22m | [39m[0m
[  27% ] [90m[1mupdate_scripts_classes[22m | [39m[0m
[  27% ] [90m[1mupdate_scripts_classes[22m | [39m[0m
[  27% ] [90m[1mupdate_scripts_classes[22m | [39m[0m
[  28% ] [90m[1mupdate_scripts_classes[22m | [39m[0m
[  28% ] [90m[1mupdate_scripts_classes[22m | [39m[0m
[  28% ] [90m[1mupdate_scripts_classes[22m | [39m[0m
[  28% ] [90m[1mupdate_scripts_classes[22m | [39m[0m
[  28% ] [90m[1mupdate_scripts_classes[22m | [39m[0m
[  28% ] [90m[1mupdate_scripts_classes[22m | [39m[0m
[  28% ] [90m[1mupdate_scripts_classes[22m | [39m[0m
[  29% ] [90m[1mupdate_scripts_classes[22m | [39m[0m
[  29% ] [90m[1mupdate_scripts_classes[22m | [39m[0m
[  29% ] [90m[1mupdate_scripts_classes[22m | [39m[0m
[  29% ] [90m[1mupdate_scripts_classes[22m | [39m[0m
[  29% ] [90m[1mupdate_scripts_classes[22m | [39m[0m
[  29% ] [90m[1mupdate_scripts_classes[22m | [39m[0m
[  30% ] [90m[1mupdate_scripts_classes[22m | [39m[0m
[  30% ] [90m[1mupdate_scripts_classes[22m | [39m[0m
[  30% ] [90m[1mupdate_scripts_classes[22m | [39m[0m
[  30% ] [90m[1mupdate_scripts_classes[22m | [39m[0m
[  30% ] [90m[1mupdate_scripts_classes[22m | [39m[0m
[  30% ] [90m[1mupdate_scripts_classes[22m | [39m[0m
[  30% ] [90m[1mupdate_scripts_classes[22m | [39m[0m
[  31% ] [90m[1mupdate_scripts_classes[22m | [39m[0m
[  31% ] [90m[1mupdate_scripts_classes[22m | [39m[0m
[  31% ] [90m[1mupdate_scripts_classes[22m | [39m[0m
[  31% ] [90m[1mupdate_scripts_classes[22m | [39m[0m
[  31% ] [90m[1mupdate_scripts_classes[22m | [39m[0m
[  31% ] [90m[1mupdate_scripts_classes[22m | [39m[0m
[  31% ] [90m[1mupdate_scripts_classes[22m | [39m[0m
[  32% ] [90m[1mupdate_scripts_classes[22m | [39m[0m
[  32% ] [90m[1mupdate_scripts_classes[22m | [39m[0m
[  32% ] [90m[1mupdate_scripts_classes[22m | [39m[0m
[  32% ] [90m[1mupdate_scripts_classes[22m | [39m[0m
[  32% ] [90m[1mupdate_scripts_classes[22m | [39m[0m
[  32% ] [90m[1mupdate_scripts_classes[22m | [39m[0m
[  33% ] [90m[1mupdate_scripts_classes[22m | [39m[0m
[  33% ] [90m[1mupdate_scripts_classes[22m | [39m[0m
[  33% ] [90m[1mupdate_scripts_classes[22m | [39m[0m
[  33% ] [90m[1mupdate_scripts_classes[22m | [39m[0m
[  33% ] [90m[1mupdate_scripts_classes[22m | [39m[0m
[  33% ] [90m[1mupdate_scripts_classes[22m | [39m[0m
[  33% ] [90m[1mupdate_scripts_classes[22m | [39m[0m
[  34% ] [90m[1mupdate_scripts_classes[22m | [39m[0m
[  34% ] [90m[1mupdate_scripts_classes[22m | [39m[0m
[  34% ] [90m[1mupdate_scripts_classes[22m | [39m[0m
[  34% ] [90m[1mupdate_scripts_classes[22m | [39m[0m
[  34% ] [90m[1mupdate_scripts_classes[22m | [39m[0m
[  34% ] [90m[1mupdate_scripts_classes[22m | [39m[0m
[  34% ] [90m[1mupdate_scripts_classes[22m | [39m[0m
[  35% ] [90m[1mupdate_scripts_classes[22m | [39m[0m
[  35% ] [90m[1mupdate_scripts_classes[22m | [39m[0m
[  35% ] [90m[1mupdate_scripts_classes[22m | [39m[0m
[  35% ] [90m[1mupdate_scripts_classes[22m | [39m[0m
[  35% ] [90m[1mupdate_scripts_classes[22m | [39m[0m
[  35% ] [90m[1mupdate_scripts_classes[22m | [39m[0m
[  36% ] [90m[1mupdate_scripts_classes[22m | [39m[0m
[  36% ] [90m[1mupdate_scripts_classes[22m | [39m[0m
[  36% ] [90m[1mupdate_scripts_classes[22m | [39m[0m
[  36% ] [90m[1mupdate_scripts_classes[22m | [39m[0m
[  36% ] [90m[1mupdate_scripts_classes[22m | [39m[0m
[  36% ] [90m[1mupdate_scripts_classes[22m | [39m[0m
[  36% ] [90m[1mupdate_scripts_classes[22m | [39m[0m
[  37% ] [90m[1mupdate_scripts_classes[22m | [39m[0m
[  37% ] [90m[1mupdate_scripts_classes[22m | [39m[0m
[  37% ] [90m[1mupdate_scripts_classes[22m | [39m[0m
[  37% ] [90m[1mupdate_scripts_classes[22m | [39m[0m
[  37% ] [90m[1mupdate_scripts_classes[22m | [39m[0m
[  37% ] [90m[1mupdate_scripts_classes[22m | [39m[0m
[  37% ] [90m[1mupdate_scripts_classes[22m | [39m[0m
[  38% ] [90m[1mupdate_scripts_classes[22m | [39m[0m
[  38% ] [90m[1mupdate_scripts_classes[22m | [39m[0m
[  38% ] [90m[1mupdate_scripts_classes[22m | [39m[0m
[  38% ] [90m[1mupdate_scripts_classes[22m | [39m[0m
[  38% ] [90m[1mupdate_scripts_classes[22m | [39m[0m
[  38% ] [90m[1mupdate_scripts_classes[22m | [39m[0m
[  39% ] [90m[1mupdate_scripts_classes[22m | [39m[0m
[  39% ] [90m[1mupdate_scripts_classes[22m | [39m[0m
[  39% ] [90m[1mupdate_scripts_classes[22m | [39m[0m
[  39% ] [90m[1mupdate_scripts_classes[22m | [39m[0m
[  39% ] [90m[1mupdate_scripts_classes[22m | [39m[0m
[  39% ] [90m[1mupdate_scripts_classes[22m | [39m[0m
[  39% ] [90m[1mupdate_scripts_classes[22m | [39m[0m
[  40% ] [90m[1mupdate_scripts_classes[22m | [39m[0m
[  40% ] [90m[1mupdate_scripts_classes[22m | [39m[0m
[  40% ] [90m[1mupdate_scripts_classes[22m | [39m[0m
[  40% ] [90m[1mupdate_scripts_classes[22m | [39m[0m
[  40% ] [90m[1mupdate_scripts_classes[22m | [39m[0m
[  40% ] [90m[1mupdate_scripts_classes[22m | [39m[0m
[  40% ] [90m[1mupdate_scripts_classes[22m | [39m[0m
[  41% ] [90m[1mupdate_scripts_classes[22m | [39m[0m
[  41% ] [90m[1mupdate_scripts_classes[22m | [39m[0m
[  41% ] [90m[1mupdate_scripts_classes[22m | [39m[0m
[  41% ] [90m[1mupdate_scripts_classes[22m | [39m[0m
[  41% ] [90m[1mupdate_scripts_classes[22m | [39m[0m
[  41% ] [90m[1mupdate_scripts_classes[22m | [39m[0m
[  42% ] [90m[1mupdate_scripts_classes[22m | [39m[0m
[  42% ] [90m[1mupdate_scripts_classes[22m | [39m[0m
[  42% ] [90m[1mupdate_scripts_classes[22m | [39m[0m
[  42% ] [90m[1mupdate_scripts_classes[22m | [39m[0m
[  42% ] [90m[1mupdate_scripts_classes[22m | [39m[0m
[  42% ] [90m[1mupdate_scripts_classes[22m | [39m[0m
[  42% ] [90m[1mupdate_scripts_classes[22m | [39m[0m
[  43% ] [90m[1mupdate_scripts_classes[22m | [39m[0m
[  43% ] [90m[1mupdate_scripts_classes[22m | [39m[0m
[  43% ] [90m[1mupdate_scripts_classes[22m | [39m[0m
[  43% ] [90m[1mupdate_scripts_classes[22m | [39m[0m
[  43% ] [90m[1mupdate_scripts_classes[22m | [39m[0m
[  43% ] [90m[1mupdate_scripts_classes[22m | [39m[0m
[  43% ] [90m[1mupdate_scripts_classes[22m | [39m[0m
[  44% ] [90m[1mupdate_scripts_classes[22m | [39m[0m
[  44% ] [90m[1mupdate_scripts_classes[22m | [39m[0m
[  44% ] [90m[1mupdate_scripts_classes[22m | [39m[0m
[  44% ] [90m[1mupdate_scripts_classes[22m | [39m[0m
[  44% ] [90m[1mupdate_scripts_classes[22m | [39m[0m
[  44% ] [90m[1mupdate_scripts_classes[22m | [39m[0m
[  44% ] [90m[1mupdate_scripts_classes[22m | [39m[0m
[  45% ] [90m[1mupdate_scripts_classes[22m | [39m[0m
[  45% ] [90m[1mupdate_scripts_classes[22m | [39m[0m
[  45% ] [90m[1mupdate_scripts_classes[22m | [39m[0m
[  45% ] [90m[1mupdate_scripts_classes[22m | [39m[0m
[  45% ] [90m[1mupdate_scripts_classes[22m | [39m[0m
[  45% ] [90m[1mupdate_scripts_classes[22m | [39m[0m
[  46% ] [90m[1mupdate_scripts_classes[22m | [39m[0m
[  46% ] [90m[1mupdate_scripts_classes[22m | [39m[0m
[  46% ] [90m[1mupdate_scripts_classes[22m | [39m[0m
[  46% ] [90m[1mupdate_scripts_classes[22m | [39m[0m
[  46% ] [90m[1mupdate_scripts_classes[22m | [39m[0m
[  46% ] [90m[1mupdate_scripts_classes[22m | [39m[0m
[  46% ] [90m[1mupdate_scripts_classes[22m | [39m[0m
[  47% ] [90m[1mupdate_scripts_classes[22m | [39m[0m
[  47% ] [90m[1mupdate_scripts_classes[22m | [39m[0m
[  47% ] [90m[1mupdate_scripts_classes[22m | [39m[0m
[  47% ] [90m[1mupdate_scripts_classes[22m | [39m[0m
[  47% ] [90m[1mupdate_scripts_classes[22m | [39m[0m
[  47% ] [90m[1mupdate_scripts_classes[22m | [39m[0m
[  47% ] [90m[1mupdate_scripts_classes[22m | [39m[0m
[  48% ] [90m[1mupdate_scripts_classes[22m | [39m[0m
[  48% ] [90m[1mupdate_scripts_classes[22m | [39m[0m
[  48% ] [90m[1mupdate_scripts_classes[22m | [39m[0m
[  48% ] [90m[1mupdate_scripts_classes[22m | [39m[0m
[  48% ] [90m[1mupdate_scripts_classes[22m | [39m[0m
[  48% ] [90m[1mupdate_scripts_classes[22m | [39m[0m
[  49% ] [90m[1mupdate_scripts_classes[22m | [39m[0m
[  49% ] [90m[1mupdate_scripts_classes[22m | [39m[0m
[  49% ] [90m[1mupdate_scripts_classes[22m | [39m[0m
[  49% ] [90m[1mupdate_scripts_classes[22m | [39m[0m
[  49% ] [90m[1mupdate_scripts_classes[22m | [39m[0m
[  49% ] [90m[1mupdate_scripts_classes[22m | [39m[0m
[  49% ] [90m[1mupdate_scripts_classes[22m | [39m[0m
[  50% ] [90m[1mupdate_scripts_classes[22m | [39m[0m
[  50% ] [90m[1mupdate_scripts_classes[22m | [39m[0m
[  50% ] [90m[1mupdate_scripts_classes[22m | [39m[0m
[  50% ] [90m[1mupdate_scripts_classes[22m | [39m[0m
[  50% ] [90m[1mupdate_scripts_classes[22m | [39m[0m
[  50% ] [90m[1mupdate_scripts_classes[22m | [39m[0m
[  50% ] [90m[1mupdate_scripts_classes[22m | [39m[0m
[  51% ] [90m[1mupdate_scripts_classes[22m | [39m[0m
[  51% ] [90m[1mupdate_scripts_classes[22m | [39m[0m
[  51% ] [90m[1mupdate_scripts_classes[22m | [39m[0m
[  51% ] [90m[1mupdate_scripts_classes[22m | [39m[0m
[  51% ] [90m[1mupdate_scripts_classes[22m | [39m[0m
[  51% ] [90m[1mupdate_scripts_classes[22m | [39m[0m
[  52% ] [90m[1mupdate_scripts_classes[22m | [39m[0m
[  52% ] [90m[1mupdate_scripts_classes[22m | [39m[0m
[  52% ] [90m[1mupdate_scripts_classes[22m | [39m[0m
[  52% ] [90m[1mupdate_scripts_classes[22m | [39m[0m
[  52% ] [90m[1mupdate_scripts_classes[22m | [39m[0m
[  52% ] [90m[1mupdate_scripts_classes[22m | [39m[0m
[  52% ] [90m[1mupdate_scripts_classes[22m | [39m[0m
[  53% ] [90m[1mupdate_scripts_classes[22m | [39m[0m
[  53% ] [90m[1mupdate_scripts_classes[22m | [39m[0m
[  53% ] [90m[1mupdate_scripts_classes[22m | [39m[0m
[  53% ] [90m[1mupdate_scripts_classes[22m | [39m[0m
[  53% ] [90m[1mupdate_scripts_classes[22m | [39m[0m
[  53% ] [90m[1mupdate_scripts_classes[22m | [39m[0m
[  53% ] [90m[1mupdate_scripts_classes[22m | [39m[0m
[  54% ] [90m[1mupdate_scripts_classes[22m | [39m[0m
[  54% ] [90m[1mupdate_scripts_classes[22m | [39m[0m
[  54% ] [90m[1mupdate_scripts_classes[22m | [39m[0m
[  54% ] [90m[1mupdate_scripts_classes[22m | [39m[0m
[  54% ] [90m[1mupdate_scripts_classes[22m | [39m[0m
[  54% ] [90m[1mupdate_scripts_classes[22m | [39m[0m
[  55% ] [90m[1mupdate_scripts_classes[22m | [39m[0m
[  55% ] [90m[1mupdate_scripts_classes[22m | [39m[0m
[  55% ] [90m[1mupdate_scripts_classes[22m | [39m[0m
[  55% ] [90m[1mupdate_scripts_classes[22m | [39m[0m
[  55% ] [90m[1mupdate_scripts_classes[22m | [39m[0m
[  55% ] [90m[1mupdate_scripts_classes[22m | [39m[0m
[  55% ] [90m[1mupdate_scripts_classes[22m | [39m[0m
[  56% ] [90m[1mupdate_scripts_classes[22m | [39m[0m
[  56% ] [90m[1mupdate_scripts_classes[22m | [39m[0m
[  56% ] [90m[1mupdate_scripts_classes[22m | [39m[0m
[  56% ] [90m[1mupdate_scripts_classes[22m | [39m[0m
[  56% ] [90m[1mupdate_scripts_classes[22m | [39m[0m
[  56% ] [90m[1mupdate_scripts_classes[22m | [39m[0m
[  56% ] [90m[1mupdate_scripts_classes[22m | [39m[0m
[  57% ] [90m[1mupdate_scripts_classes[22m | [39m[0m
[  57% ] [90m[1mupdate_scripts_classes[22m | [39m[0m
[  57% ] [90m[1mupdate_scripts_classes[22m | [39m[0m
[  57% ] [90m[1mupdate_scripts_classes[22m | [39m[0m
[  57% ] [90m[1mupdate_scripts_classes[22m | [39m[0m
[  57% ] [90m[1mupdate_scripts_classes[22m | [39m[0m
[  57% ] [90m[1mupdate_scripts_classes[22m | [39m[0m
[  58% ] [90m[1mupdate_scripts_classes[22m | [39m[0m
[  58% ] [90m[1mupdate_scripts_classes[22m | [39m[0m
[  58% ] [90m[1mupdate_scripts_classes[22m | [39m[0m
[  58% ] [90m[1mupdate_scripts_classes[22m | [39m[0m
[  58% ] [90m[1mupdate_scripts_classes[22m | [39m[0m
[  58% ] [90m[1mupdate_scripts_classes[22m | [39m[0m
[  59% ] [90m[1mupdate_scripts_classes[22m | [39m[0m
[  59% ] [90m[1mupdate_scripts_classes[22m | [39m[0m
[  59% ] [90m[1mupdate_scripts_classes[22m | [39m[0m
[  59% ] [90m[1mupdate_scripts_classes[22m | [39m[0m
[  59% ] [90m[1mupdate_scripts_classes[22m | [39m[0m
[  59% ] [90m[1mupdate_scripts_classes[22m | [39m[0m
[  59% ] [90m[1mupdate_scripts_classes[22m | [39m[0m
[  60% ] [90m[1mupdate_scripts_classes[22m | [39m[0m
[  60% ] [90m[1mupdate_scripts_classes[22m | [39m[0m
[  60% ] [90m[1mupdate_scripts_classes[22m | [39m[0m
[  60% ] [90m[1mupdate_scripts_classes[22m | [39m[0m
[  60% ] [90m[1mupdate_scripts_classes[22m | [39m[0m
[  60% ] [90m[1mupdate_scripts_classes[22m | [39m[0m
[  60% ] [90m[1mupdate_scripts_classes[22m | [39m[0m
[  61% ] [90m[1mupdate_scripts_classes[22m | [39m[0m
[  61% ] [90m[1mupdate_scripts_classes[22m | [39m[0m
[  61% ] [90m[1mupdate_scripts_classes[22m | [39m[0m
[  61% ] [90m[1mupdate_scripts_classes[22m | [39m[0m
[  61% ] [90m[1mupdate_scripts_classes[22m | [39m[0m
[  61% ] [90m[1mupdate_scripts_classes[22m | [39m[0m
[  62% ] [90m[1mupdate_scripts_classes[22m | [39m[0m
[  62% ] [90m[1mupdate_scripts_classes[22m | [39m[0m
[  62% ] [90m[1mupdate_scripts_classes[22m | [39m[0m
[  62% ] [90m[1mupdate_scripts_classes[22m | [39m[0m
[  62% ] [90m[1mupdate_scripts_classes[22m | [39m[0m
[  62% ] [90m[1mupdate_scripts_classes[22m | [39m[0m
[  62% ] [90m[1mupdate_scripts_classes[22m | [39m[0m
[  63% ] [90m[1mupdate_scripts_classes[22m | [39m[0m
[  63% ] [90m[1mupdate_scripts_classes[22m | [39m[0m
[  63% ] [90m[1mupdate_scripts_classes[22m | [39m[0m
[  63% ] [90m[1mupdate_scripts_classes[22m | [39m[0m
[  63% ] [90m[1mupdate_scripts_classes[22m | [39m[0m
[  63% ] [90m[1mupdate_scripts_classes[22m | [39m[0m
[  63% ] [90m[1mupdate_scripts_classes[22m | [39m[0m
[  64% ] [90m[1mupdate_scripts_classes[22m | [39m[0m
[  64% ] [90m[1mupdate_scripts_classes[22m | [39m[0m
[  64% ] [90m[1mupdate_scripts_classes[22m | [39m[0m
[  64% ] [90m[1mupdate_scripts_classes[22m | [39m[0m
[  64% ] [90m[1mupdate_scripts_classes[22m | [39m[0m
[  64% ] [90m[1mupdate_scripts_classes[22m | [39m[0m
[  65% ] [90m[1mupdate_scripts_classes[22m | [39m[0m
[  65% ] [90m[1mupdate_scripts_classes[22m | [39m[0m
[  65% ] [90m[1mupdate_scripts_classes[22m | [39m[0m
[  65% ] [90m[1mupdate_scripts_classes[22m | [39m[0m
[  65% ] [90m[1mupdate_scripts_classes[22m | [39m[0m
[  65% ] [90m[1mupdate_scripts_classes[22m | [39m[0m
[  65% ] [90m[1mupdate_scripts_classes[22m | [39m[0m
[  66% ] [90m[1mupdate_scripts_classes[22m | [39m[0m
[  66% ] [90m[1mupdate_scripts_classes[22m | [39m[0m
[  66% ] [90m[1mupdate_scripts_classes[22m | [39m[0m
[  66% ] [90m[1mupdate_scripts_classes[22m | [39m[0m
[  66% ] [90m[1mupdate_scripts_classes[22m | [39m[0m
[  66% ] [90m[1mupdate_scripts_classes[22m | [39m[0m
[  66% ] [90m[1mupdate_scripts_classes[22m | [39m[0m
[  67% ] [90m[1mupdate_scripts_classes[22m | [39m[0m
[  67% ] [90m[1mupdate_scripts_classes[22m | [39m[0m
[  67% ] [90m[1mupdate_scripts_classes[22m | [39m[0m
[  67% ] [90m[1mupdate_scripts_classes[22m | [39m[0m
[  67% ] [90m[1mupdate_scripts_classes[22m | [39m[0m
[  67% ] [90m[1mupdate_scripts_classes[22m | [39m[0m
[  68% ] [90m[1mupdate_scripts_classes[22m | [39m[0m
[  68% ] [90m[1mupdate_scripts_classes[22m | [39m[0m
[  68% ] [90m[1mupdate_scripts_classes[22m | [39m[0m
[  68% ] [90m[1mupdate_scripts_classes[22m | [39m[0m
[  68% ] [90m[1mupdate_scripts_classes[22m | [39m[0m
[  68% ] [90m[1mupdate_scripts_classes[22m | [39m[0m
[  68% ] [90m[1mupdate_scripts_classes[22m | [39m[0m
[  69% ] [90m[1mupdate_scripts_classes[22m | [39m[0m
[  69% ] [90m[1mupdate_scripts_classes[22m | [39m[0m
[  69% ] [90m[1mupdate_scripts_classes[22m | [39m[0m
[  69% ] [90m[1mupdate_scripts_classes[22m | [39m[0m
[  69% ] [90m[1mupdate_scripts_classes[22m | [39m[0m
[  69% ] [90m[1mupdate_scripts_classes[22m | [39m[0m
[  69% ] [90m[1mupdate_scripts_classes[22m | [39m[0m
[  70% ] [90m[1mupdate_scripts_classes[22m | [39m[0m
[  70% ] [90m[1mupdate_scripts_classes[22m | [39m[0m
[  70% ] [90m[1mupdate_scripts_classes[22m | [39m[0m
[  70% ] [90m[1mupdate_scripts_classes[22m | [39m[0m
[  70% ] [90m[1mupdate_scripts_classes[22m | [39m[0m
[  70% ] [90m[1mupdate_scripts_classes[22m | [39m[0m
[  71% ] [90m[1mupdate_scripts_classes[22m | [39m[0m
[  71% ] [90m[1mupdate_scripts_classes[22m | [39m[0m
[  71% ] [90m[1mupdate_scripts_classes[22m | [39m[0m
[  71% ] [90m[1mupdate_scripts_classes[22m | [39m[0m
[  71% ] [90m[1mupdate_scripts_classes[22m | [39m[0m
[  71% ] [90m[1mupdate_scripts_classes[22m | [39m[0m
[  71% ] [90m[1mupdate_scripts_classes[22m | [39m[0m
[  72% ] [90m[1mupdate_scripts_classes[22m | [39m[0m
[  72% ] [90m[1mupdate_scripts_classes[22m | [39m[0m
[  72% ] [90m[1mupdate_scripts_classes[22m | [39m[0m
[  72% ] [90m[1mupdate_scripts_classes[22m | [39m[0m
[  72% ] [90m[1mupdate_scripts_classes[22m | [39m[0m
[  72% ] [90m[1mupdate_scripts_classes[22m | [39m[0m
[  72% ] [90m[1mupdate_scripts_classes[22m | [39m[0m
[  73% ] [90m[1mupdate_scripts_classes[22m | [39m[0m
[  73% ] [90m[1mupdate_scripts_classes[22m | [39m[0m
[  73% ] [90m[1mupdate_scripts_classes[22m | [39m[0m
[  73% ] [90m[1mupdate_scripts_classes[22m | [39m[0m
[  73% ] [90m[1mupdate_scripts_classes[22m | [39m[0m
[  73% ] [90m[1mupdate_scripts_classes[22m | [39m[0m
[  73% ] [90m[1mupdate_scripts_classes[22m | [39m[0m
[  74% ] [90m[1mupdate_scripts_classes[22m | [39m[0m
[  74% ] [90m[1mupdate_scripts_classes[22m | [39m[0m
[  74% ] [90m[1mupdate_scripts_classes[22m | [39m[0m
[  74% ] [90m[1mupdate_scripts_classes[22m | [39m[0m
[  74% ] [90m[1mupdate_scripts_classes[22m | [39m[0m
[  74% ] [90m[1mupdate_scripts_classes[22m | [39m[0m
[  75% ] [90m[1mupdate_scripts_classes[22m | [39m[0m
[  75% ] [90m[1mupdate_scripts_classes[22m | [39m[0m
[  75% ] [90m[1mupdate_scripts_classes[22m | [39m[0m
[  75% ] [90m[1mupdate_scripts_classes[22m | [39m[0m
[  75% ] [90m[1mupdate_scripts_classes[22m | [39m[0m
[  75% ] [90m[1mupdate_scripts_classes[22m | [39m[0m
[  75% ] [90m[1mupdate_scripts_classes[22m | [39m[0m
[  76% ] [90m[1mupdate_scripts_classes[22m | [39m[0m
[  76% ] [90m[1mupdate_scripts_classes[22m | [39m[0m
[  76% ] [90m[1mupdate_scripts_classes[22m | [39m[0m
[  76% ] [90m[1mupdate_scripts_classes[22m | [39m[0m
[  76% ] [90m[1mupdate_scripts_classes[22m | [39m[0m
[  76% ] [90m[1mupdate_scripts_classes[22m | [39m[0m
[  76% ] [90m[1mupdate_scripts_classes[22m | [39m[0m
[  77% ] [90m[1mupdate_scripts_classes[22m | [39m[0m
[  77% ] [90m[1mupdate_scripts_classes[22m | [39m[0m
[  77% ] [90m[1mupdate_scripts_classes[22m | AdventureSpawnSelector[39m[0m
[  77% ] [90m[1mupdate_scripts_classes[22m | BiomeGrammarV9[39m[0m
[  77% ] [90m[1mupdate_scripts_classes[22m | [39m[0m
[  77% ] [90m[1mupdate_scripts_classes[22m | [39m[0m
[  78% ] [90m[1mupdate_scripts_classes[22m | [39m[0m
[  78% ] [90m[1mupdate_scripts_classes[22m | PlanetCatalogV7[39m[0m
[  78% ] [90m[1mupdate_scripts_classes[22m | PlanetProfileV6[39m[0m
[  78% ] [90m[1mupdate_scripts_classes[22m | PlanetProfileV8[39m[0m
[  78% ] [90m[1mupdate_scripts_classes[22m | PlanetProfileV9[39m[0m
[  78% ] [90m[1mupdate_scripts_classes[22m | [39m[0m
[  78% ] [90m[1mupdate_scripts_classes[22m | [39m[0m
[  79% ] [90m[1mupdate_scripts_classes[22m | [39m[0m
[  79% ] [90m[1mupdate_scripts_classes[22m | [39m[0m
[  79% ] [90m[1mupdate_scripts_classes[22m | [39m[0m
[  79% ] [90m[1mupdate_scripts_classes[22m | [39m[0m
[  79% ] [90m[1mupdate_scripts_classes[22m | [39m[0m
[  79% ] [90m[1mupdate_scripts_classes[22m | [39m[0m
[  79% ] [90m[1mupdate_scripts_classes[22m | [39m[0m
[  80% ] [90m[1mupdate_scripts_classes[22m | AdaptiveSphereTiles[39m[0m
[  80% ] [90m[1mupdate_scripts_classes[22m | [39m[0m
[  80% ] [90m[1mupdate_scripts_classes[22m | [39m[0m
[  80% ] [90m[1mupdate_scripts_classes[22m | PlanetLab[39m[0m
[  80% ] [90m[1mupdate_scripts_classes[22m | PlanetLabSave[39m[0m
[  80% ] [90m[1mupdate_scripts_classes[22m | [39m[0m
[  81% ] [90m[1mupdate_scripts_classes[22m | [39m[0m
[  81% ] [90m[1mupdate_scripts_classes[22m | [39m[0m
[  81% ] [90m[1mupdate_scripts_classes[22m | [39m[0m
[  81% ] [90m[1mupdate_scripts_classes[22m | PlanetTileLayout[39m[0m
[  81% ] [90m[1mupdate_scripts_classes[22m | RadialWalker[39m[0m
[  81% ] [90m[1mupdate_scripts_classes[22m | SphereTiles[39m[0m
[  81% ] [90m[1mupdate_scripts_classes[22m | [39m[0m
[  82% ] [90m[1mupdate_scripts_classes[22m | [39m[0m
[  82% ] [90m[1mupdate_scripts_classes[22m | [39m[0m
[  82% ] [90m[1mupdate_scripts_classes[22m | [39m[0m
[  82% ] [90m[1mupdate_scripts_classes[22m | [39m[0m
[  82% ] [90m[1mupdate_scripts_classes[22m | [39m[0m
[  82% ] [90m[1mupdate_scripts_classes[22m | [39m[0m
[  82% ] [90m[1mupdate_scripts_classes[22m | [39m[0m
[  83% ] [90m[1mupdate_scripts_classes[22m | [39m[0m
[  83% ] [90m[1mupdate_scripts_classes[22m | [39m[0m
[  83% ] [90m[1mupdate_scripts_classes[22m | [39m[0m
[  83% ] [90m[1mupdate_scripts_classes[22m | [39m[0m
[  83% ] [90m[1mupdate_scripts_classes[22m | [39m[0m
[  83% ] [90m[1mupdate_scripts_classes[22m | [39m[0m
[  84% ] [90m[1mupdate_scripts_classes[22m | RegionBackgroundSimulationV7[39m[0m
[  84% ] [90m[1mupdate_scripts_classes[22m | RegionEcologySimulation[39m[0m
[  84% ] [90m[1mupdate_scripts_classes[22m | CelestialBodyProfile[39m[0m
[  84% ] [90m[1mupdate_scripts_classes[22m | CelestialSystem[39m[0m
[  84% ] [90m[1mupdate_scripts_classes[22m | CubeSphere[39m[0m
[  84% ] [90m[1mupdate_scripts_classes[22m | [39m[0m
[  84% ] [90m[1mupdate_scripts_classes[22m | [39m[0m
[  85% ] [90m[1mupdate_scripts_classes[22m | [39m[0m
[  85% ] [90m[1mupdate_scripts_classes[22m | [39m[0m
[  85% ] [90m[1mupdate_scripts_classes[22m | LegacySurfaceAdapter[39m[0m
[  85% ] [90m[1mupdate_scripts_classes[22m | PlanetSurface[39m[0m
[  85% ] [90m[1mupdate_scripts_classes[22m | [39m[0m
[  85% ] [90m[1mupdate_scripts_classes[22m | StarSystemRuntimeV7[39m[0m
[  85% ] [90m[1mupdate_scripts_classes[22m | [39m[0m
[  86% ] [90m[1mupdate_scripts_classes[22m | [39m[0m
[  86% ] [90m[1mupdate_scripts_classes[22m | [39m[0m
[  86% ] [90m[1mupdate_scripts_classes[22m | [39m[0m
[  86% ] [90m[1mupdate_scripts_classes[22m | [39m[0m
[  86% ] [90m[1mupdate_scripts_classes[22m | [39m[0m
[  86% ] [90m[1mupdate_scripts_classes[22m | TerrainFarMeshJobV7[39m[0m
[  86% ] [90m[1mupdate_scripts_classes[22m | TerrainMeshPoolV7[39m[0m
[  87% ] [90m[1mupdate_scripts_classes[22m | [39m[0m
[  87% ] [90m[1mupdate_scripts_classes[22m | [39m[0m
[  87% ] [90m[1mupdate_scripts_classes[22m | [39m[0m
[  87% ] [90m[1mupdate_scripts_classes[22m | [39m[0m
[  87% ] [90m[1mupdate_scripts_classes[22m | [39m[0m
[  87% ] [90m[1mupdate_scripts_classes[22m | [39m[0m
[  88% ] [90m[1mupdate_scripts_classes[22m | [39m[0m
[  88% ] [90m[1mupdate_scripts_classes[22m | [39m[0m
[  88% ] [90m[1mupdate_scripts_classes[22m | [39m[0m
[  88% ] [90m[1mupdate_scripts_classes[22m | [39m[0m
[  88% ] [90m[1mupdate_scripts_classes[22m | [39m[0m
[  88% ] [90m[1mupdate_scripts_classes[22m | [39m[0m
[  88% ] [90m[1mupdate_scripts_classes[22m | [39m[0m
[  89% ] [90m[1mupdate_scripts_classes[22m | [39m[0m
[  89% ] [90m[1mupdate_scripts_classes[22m | [39m[0m
[  89% ] [90m[1mupdate_scripts_classes[22m | [39m[0m
[  89% ] [90m[1mupdate_scripts_classes[22m | [39m[0m
[  89% ] [90m[1mupdate_scripts_classes[22m | [39m[0m
[  89% ] [90m[1mupdate_scripts_classes[22m | [39m[0m
[  89% ] [90m[1mupdate_scripts_classes[22m | [39m[0m
[  90% ] [90m[1mupdate_scripts_classes[22m | [39m[0m
[  90% ] [90m[1mupdate_scripts_classes[22m | [39m[0m
[  90% ] [90m[1mupdate_scripts_classes[22m | [39m[0m
[  90% ] [90m[1mupdate_scripts_classes[22m | [39m[0m
[  90% ] [90m[1mupdate_scripts_classes[22m | [39m[0m
[  90% ] [90m[1mupdate_scripts_classes[22m | [39m[0m
[  91% ] [90m[1mupdate_scripts_classes[22m | [39m[0m
[  91% ] [90m[1mupdate_scripts_classes[22m | [39m[0m
[  91% ] [90m[1mupdate_scripts_classes[22m | [39m[0m
[  91% ] [90m[1mupdate_scripts_classes[22m | [39m[0m
[  91% ] [90m[1mupdate_scripts_classes[22m | [39m[0m
[  91% ] [90m[1mupdate_scripts_classes[22m | [39m[0m
[  91% ] [90m[1mupdate_scripts_classes[22m | [39m[0m
[  92% ] [90m[1mupdate_scripts_classes[22m | [39m[0m
[  92% ] [90m[1mupdate_scripts_classes[22m | [39m[0m
[  92% ] [90m[1mupdate_scripts_classes[22m | [39m[0m
[  92% ] [90m[1mupdate_scripts_classes[22m | [39m[0m
[  92% ] [90m[1mupdate_scripts_classes[22m | [39m[0m
[  92% ] [90m[1mupdate_scripts_classes[22m | [39m[0m
[  92% ] [90m[1mupdate_scripts_classes[22m | [39m[0m
[  93% ] [90m[1mupdate_scripts_classes[22m | [39m[0m
[  93% ] [90m[1mupdate_scripts_classes[22m | [39m[0m
[  93% ] [90m[1mupdate_scripts_classes[22m | [39m[0m
[  93% ] [90m[1mupdate_scripts_classes[22m | [39m[0m
[  93% ] [90m[1mupdate_scripts_classes[22m | [39m[0m
[  93% ] [90m[1mupdate_scripts_classes[22m | [39m[0m
[  94% ] [90m[1mupdate_scripts_classes[22m | [39m[0m
[  94% ] [90m[1mupdate_scripts_classes[22m | [39m[0m
[  94% ] [90m[1mupdate_scripts_classes[22m | [39m[0m
[  94% ] [90m[1mupdate_scripts_classes[22m | [39m[0m
[  94% ] [90m[1mupdate_scripts_classes[22m | [39m[0m
[  94% ] [90m[1mupdate_scripts_classes[22m | [39m[0m
[  94% ] [90m[1mupdate_scripts_classes[22m | [39m[0m
[  95% ] [90m[1mupdate_scripts_classes[22m | [39m[0m
[  95% ] [90m[1mupdate_scripts_classes[22m | [39m[0m
[  95% ] [90m[1mupdate_scripts_classes[22m | [39m[0m
[  95% ] [90m[1mupdate_scripts_classes[22m | [39m[0m
[  95% ] [90m[1mupdate_scripts_classes[22m | [39m[0m
[  95% ] [90m[1mupdate_scripts_classes[22m | FloraSpeciesFactoryV9[39m[0m
[  95% ] [90m[1mupdate_scripts_classes[22m | [39m[0m
[  96% ] [90m[1mupdate_scripts_classes[22m | [39m[0m
[  96% ] [90m[1mupdate_scripts_classes[22m | [39m[0m
[  96% ] [90m[1mupdate_scripts_classes[22m | [39m[0m
[  96% ] [90m[1mupdate_scripts_classes[22m | [39m[0m
[  96% ] [90m[1mupdate_scripts_classes[22m | VoxelAssetLibraryV4[39m[0m
[  96% ] [90m[1mupdate_scripts_classes[22m | [39m[0m
[  97% ] [90m[1mupdate_scripts_classes[22m | [39m[0m
[  97% ] [90m[1mupdate_scripts_classes[22m | [39m[0m
[  97% ] [90m[1mupdate_scripts_classes[22m | [39m[0m
[  97% ] [90m[1mupdate_scripts_classes[22m | [39m[0m
[  97% ] [90m[1mupdate_scripts_classes[22m | [39m[0m
[  97% ] [90m[1mupdate_scripts_classes[22m | WaterMeshBuilderV7[39m[0m
[  97% ] [90m[1mupdate_scripts_classes[22m | [39m[0m
[  98% ] [90m[1mupdate_scripts_classes[22m | VoxelSurfaceStyler[39m[0m
[  98% ] [90m[1mupdate_scripts_classes[22m | PlanetVisualEnvironment[39m[0m
[  98% ] [90m[1mupdate_scripts_classes[22m | [39m[0m
[  98% ] [90m[1mupdate_scripts_classes[22m | UnderwaterView[39m[0m
[  98% ] [90m[1mupdate_scripts_classes[22m | [39m[0m
[  98% ] [90m[1mupdate_scripts_classes[22m | [39m[0m
[  98% ] [90m[1mupdate_scripts_classes[22m | WorldVisualProfile[39m[0m
[  99% ] [90m[1mupdate_scripts_classes[22m | [39m[0m
[  99% ] [90m[1mupdate_scripts_classes[22m | [39m[0m
[  99% ] [90m[1mupdate_scripts_classes[22m | [39m[0m
[  99% ] [90m[1mupdate_scripts_classes[22m | [39m[0m
[  99% ] [90m[1mupdate_scripts_classes[22m | WorldManager[39m[0m
[92m[ DONE ][39m [1mupdate_scripts_classes[22m
[0m
[   0% ] [90m[1m_update_scan_actions[22m | Started Scanning actions... (245 steps)[39m[0m
[   0% ] [90m[1m_update_scan_actions[22m | ancient_oak_v2_far.glb[39m[0m
[   0% ] [90m[1m_update_scan_actions[22m | ancient_oak_v2_far_0.png[39m[0m
[   0% ] [90m[1m_update_scan_actions[22m | ancient_oak_v2_mid.glb[39m[0m
[   1% ] [90m[1m_update_scan_actions[22m | ancient_oak_v2_mid_0.png[39m[0m
[   1% ] [90m[1m_update_scan_actions[22m | ancient_oak_v2_near.glb[39m[0m
[   2% ] [90m[1m_update_scan_actions[22m | ancient_oak_v2_near_0.png[39m[0m
[   2% ] [90m[1m_update_scan_actions[22m | ancient_oak_v2_species1_far.glb[39m[0m
[   2% ] [90m[1m_update_scan_actions[22m | ancient_oak_v2_species1_far_0.png[39m[0m
[   3% ] [90m[1m_update_scan_actions[22m | ancient_oak_v2_species1_mid.glb[39m[0m
[   3% ] [90m[1m_update_scan_actions[22m | ancient_oak_v2_species1_mid_0.png[39m[0m
[   4% ] [90m[1m_update_scan_actions[22m | ancient_oak_v2_species1_near.glb[39m[0m
[   4% ] [90m[1m_update_scan_actions[22m | ancient_oak_v2_species1_near_0.png[39m[0m
[   4% ] [90m[1m_update_scan_actions[22m | ancient_oak_v2_species2_far.glb[39m[0m
[   5% ] [90m[1m_update_scan_actions[22m | ancient_oak_v2_species2_far_0.png[39m[0m
[   5% ] [90m[1m_update_scan_actions[22m | ancient_oak_v2_species2_mid.glb[39m[0m
[   6% ] [90m[1m_update_scan_actions[22m | ancient_oak_v2_species2_mid_0.png[39m[0m
[   6% ] [90m[1m_update_scan_actions[22m | ancient_oak_v2_species2_near.glb[39m[0m
[   6% ] [90m[1m_update_scan_actions[22m | ancient_oak_v2_species2_near_0.png[39m[0m
[   7% ] [90m[1m_update_scan_actions[22m | dense_bush_v2_far.glb[39m[0m
[   7% ] [90m[1m_update_scan_actions[22m | dense_bush_v2_far_0.png[39m[0m
[   8% ] [90m[1m_update_scan_actions[22m | dense_bush_v2_mid.glb[39m[0m
[   8% ] [90m[1m_update_scan_actions[22m | dense_bush_v2_mid_0.png[39m[0m
[   8% ] [90m[1m_update_scan_actions[22m | dense_bush_v2_near.glb[39m[0m
[   9% ] [90m[1m_update_scan_actions[22m | dense_bush_v2_near_0.png[39m[0m
[   9% ] [90m[1m_update_scan_actions[22m | dense_bush_v2_species1_far.glb[39m[0m
[  10% ] [90m[1m_update_scan_actions[22m | dense_bush_v2_species1_far_0.png[39m[0m
[  10% ] [90m[1m_update_scan_actions[22m | dense_bush_v2_species1_mid.glb[39m[0m
[  10% ] [90m[1m_update_scan_actions[22m | dense_bush_v2_species1_mid_0.png[39m[0m
[  11% ] [90m[1m_update_scan_actions[22m | dense_bush_v2_species1_near.glb[39m[0m
[  11% ] [90m[1m_update_scan_actions[22m | dense_bush_v2_species1_near_0.png[39m[0m
[  12% ] [90m[1m_update_scan_actions[22m | dense_bush_v2_species2_far.glb[39m[0m
[  12% ] [90m[1m_update_scan_actions[22m | dense_bush_v2_species2_far_0.png[39m[0m
[  13% ] [90m[1m_update_scan_actions[22m | dense_bush_v2_species2_mid.glb[39m[0m
[  13% ] [90m[1m_update_scan_actions[22m | dense_bush_v2_species2_mid_0.png[39m[0m
[  13% ] [90m[1m_update_scan_actions[22m | dense_bush_v2_species2_near.glb[39m[0m
[  14% ] [90m[1m_update_scan_actions[22m | dense_bush_v2_species2_near_0.png[39m[0m
[  14% ] [90m[1m_update_scan_actions[22m | fern_cluster_v2_far.glb[39m[0m
[  15% ] [90m[1m_update_scan_actions[22m | fern_cluster_v2_far_0.png[39m[0m
[  15% ] [90m[1m_update_scan_actions[22m | fern_cluster_v2_mid.glb[39m[0m
[  15% ] [90m[1m_update_scan_actions[22m | fern_cluster_v2_mid_0.png[39m[0m
[  16% ] [90m[1m_update_scan_actions[22m | fern_cluster_v2_near.glb[39m[0m
[  16% ] [90m[1m_update_scan_actions[22m | fern_cluster_v2_near_0.png[39m[0m
[  17% ] [90m[1m_update_scan_actions[22m | fern_cluster_v2_species1_far.glb[39m[0m
[  17% ] [90m[1m_update_scan_actions[22m | fern_cluster_v2_species1_far_0.png[39m[0m
[  17% ] [90m[1m_update_scan_actions[22m | fern_cluster_v2_species1_mid.glb[39m[0m
[  18% ] [90m[1m_update_scan_actions[22m | fern_cluster_v2_species1_mid_0.png[39m[0m
[  18% ] [90m[1m_update_scan_actions[22m | fern_cluster_v2_species1_near.glb[39m[0m
[  19% ] [90m[1m_update_scan_actions[22m | fern_cluster_v2_species1_near_0.png[39m[0m
[  19% ] [90m[1m_update_scan_actions[22m | fern_cluster_v2_species2_far.glb[39m[0m
[  19% ] [90m[1m_update_scan_actions[22m | fern_cluster_v2_species2_far_0.png[39m[0m
[  20% ] [90m[1m_update_scan_actions[22m | fern_cluster_v2_species2_mid.glb[39m[0m
[  20% ] [90m[1m_update_scan_actions[22m | fern_cluster_v2_species2_mid_0.png[39m[0m
[  21% ] [90m[1m_update_scan_actions[22m | fern_cluster_v2_species2_near.glb[39m[0m
[  21% ] [90m[1m_update_scan_actions[22m | fern_cluster_v2_species2_near_0.png[39m[0m
[  21% ] [90m[1m_update_scan_actions[22m | flower_cluster_v2_far.glb[39m[0m
[  22% ] [90m[1m_update_scan_actions[22m | flower_cluster_v2_far_0.png[39m[0m
[  22% ] [90m[1m_update_scan_actions[22m | flower_cluster_v2_mid.glb[39m[0m
[  23% ] [90m[1m_update_scan_actions[22m | flower_cluster_v2_mid_0.png[39m[0m
[  23% ] [90m[1m_update_scan_actions[22m | flower_cluster_v2_near.glb[39m[0m
[  23% ] [90m[1m_update_scan_actions[22m | flower_cluster_v2_near_0.png[39m[0m
[  24% ] [90m[1m_update_scan_actions[22m | flower_cluster_v2_species1_far.glb[39m[0m
[  24% ] [90m[1m_update_scan_actions[22m | flower_cluster_v2_species1_far_0.png[39m[0m
[  25% ] [90m[1m_update_scan_actions[22m | flower_cluster_v2_species1_mid.glb[39m[0m
[  25% ] [90m[1m_update_scan_actions[22m | flower_cluster_v2_species1_mid_0.png[39m[0m
[  26% ] [90m[1m_update_scan_actions[22m | flower_cluster_v2_species1_near.glb[39m[0m
[  26% ] [90m[1m_update_scan_actions[22m | flower_cluster_v2_species1_near_0.png[39m[0m
[  26% ] [90m[1m_update_scan_actions[22m | flower_cluster_v2_species2_far.glb[39m[0m
[  27% ] [90m[1m_update_scan_actions[22m | flower_cluster_v2_species2_far_0.png[39m[0m
[  27% ] [90m[1m_update_scan_actions[22m | flower_cluster_v2_species2_mid.glb[39m[0m
[  28% ] [90m[1m_update_scan_actions[22m | flower_cluster_v2_species2_mid_0.png[39m[0m
[  28% ] [90m[1m_update_scan_actions[22m | flower_cluster_v2_species2_near.glb[39m[0m
[  28% ] [90m[1m_update_scan_actions[22m | flower_cluster_v2_species2_near_0.png[39m[0m
[  29% ] [90m[1m_update_scan_actions[22m | grass_tuft_v2_far.glb[39m[0m
[  29% ] [90m[1m_update_scan_actions[22m | grass_tuft_v2_far_0.png[39m[0m
[  30% ] [90m[1m_update_scan_actions[22m | grass_tuft_v2_mid.glb[39m[0m
[  30% ] [90m[1m_update_scan_actions[22m | grass_tuft_v2_mid_0.png[39m[0m
[  30% ] [90m[1m_update_scan_actions[22m | grass_tuft_v2_near.glb[39m[0m
[  31% ] [90m[1m_update_scan_actions[22m | grass_tuft_v2_near_0.png[39m[0m
[  31% ] [90m[1m_update_scan_actions[22m | grass_tuft_v2_species1_far.glb[39m[0m
[  32% ] [90m[1m_update_scan_actions[22m | grass_tuft_v2_species1_far_0.png[39m[0m
[  32% ] [90m[1m_update_scan_actions[22m | grass_tuft_v2_species1_mid.glb[39m[0m
[  32% ] [90m[1m_update_scan_actions[22m | grass_tuft_v2_species1_mid_0.png[39m[0m
[  33% ] [90m[1m_update_scan_actions[22m | grass_tuft_v2_species1_near.glb[39m[0m
[  33% ] [90m[1m_update_scan_actions[22m | grass_tuft_v2_species1_near_0.png[39m[0m
[  34% ] [90m[1m_update_scan_actions[22m | grass_tuft_v2_species2_far.glb[39m[0m
[  34% ] [90m[1m_update_scan_actions[22m | grass_tuft_v2_species2_far_0.png[39m[0m
[  34% ] [90m[1m_update_scan_actions[22m | grass_tuft_v2_species2_mid.glb[39m[0m
[  35% ] [90m[1m_update_scan_actions[22m | grass_tuft_v2_species2_mid_0.png[39m[0m
[  35% ] [90m[1m_update_scan_actions[22m | grass_tuft_v2_species2_near.glb[39m[0m
[  36% ] [90m[1m_update_scan_actions[22m | grass_tuft_v2_species2_near_0.png[39m[0m
[  36% ] [90m[1m_update_scan_actions[22m | layered_rock_v2_far.glb[39m[0m
[  36% ] [90m[1m_update_scan_actions[22m | layered_rock_v2_far_0.png[39m[0m
[  37% ] [90m[1m_update_scan_actions[22m | layered_rock_v2_mid.glb[39m[0m
[  37% ] [90m[1m_update_scan_actions[22m | layered_rock_v2_mid_0.png[39m[0m
[  38% ] [90m[1m_update_scan_actions[22m | layered_rock_v2_near.glb[39m[0m
[  38% ] [90m[1m_update_scan_actions[22m | layered_rock_v2_near_0.png[39m[0m
[  39% ] [90m[1m_update_scan_actions[22m | layered_rock_v2_species1_far.glb[39m[0m
[  39% ] [90m[1m_update_scan_actions[22m | layered_rock_v2_species1_far_0.png[39m[0m
[  39% ] [90m[1m_update_scan_actions[22m | layered_rock_v2_species1_mid.glb[39m[0m
[  40% ] [90m[1m_update_scan_actions[22m | layered_rock_v2_species1_mid_0.png[39m[0m
[  40% ] [90m[1m_update_scan_actions[22m | layered_rock_v2_species1_near.glb[39m[0m
[  41% ] [90m[1m_update_scan_actions[22m | layered_rock_v2_species1_near_0.png[39m[0m
[  41% ] [90m[1m_update_scan_actions[22m | layered_rock_v2_species2_far.glb[39m[0m
[  41% ] [90m[1m_update_scan_actions[22m | layered_rock_v2_species2_far_0.png[39m[0m
[  42% ] [90m[1m_update_scan_actions[22m | layered_rock_v2_species2_mid.glb[39m[0m
[  42% ] [90m[1m_update_scan_actions[22m | layered_rock_v2_species2_mid_0.png[39m[0m
[  43% ] [90m[1m_update_scan_actions[22m | layered_rock_v2_species2_near.glb[39m[0m
[  43% ] [90m[1m_update_scan_actions[22m | layered_rock_v2_species2_near_0.png[39m[0m
[  43% ] [90m[1m_update_scan_actions[22m | tall_pine_v2_far.glb[39m[0m
[  44% ] [90m[1m_update_scan_actions[22m | tall_pine_v2_far_0.png[39m[0m
[  44% ] [90m[1m_update_scan_actions[22m | tall_pine_v2_mid.glb[39m[0m
[  45% ] [90m[1m_update_scan_actions[22m | tall_pine_v2_mid_0.png[39m[0m
[  45% ] [90m[1m_update_scan_actions[22m | tall_pine_v2_near.glb[39m[0m
[  45% ] [90m[1m_update_scan_actions[22m | tall_pine_v2_near_0.png[39m[0m
[  46% ] [90m[1m_update_scan_actions[22m | tall_pine_v2_species1_far.glb[39m[0m
[  46% ] [90m[1m_update_scan_actions[22m | tall_pine_v2_species1_far_0.png[39m[0m
[  47% ] [90m[1m_update_scan_actions[22m | tall_pine_v2_species1_mid.glb[39m[0m
[  47% ] [90m[1m_update_scan_actions[22m | tall_pine_v2_species1_mid_0.png[39m[0m
[  47% ] [90m[1m_update_scan_actions[22m | tall_pine_v2_species1_near.glb[39m[0m
[  48% ] [90m[1m_update_scan_actions[22m | tall_pine_v2_species1_near_0.png[39m[0m
[  48% ] [90m[1m_update_scan_actions[22m | tall_pine_v2_species2_far.glb[39m[0m
[  49% ] [90m[1m_update_scan_actions[22m | tall_pine_v2_species2_far_0.png[39m[0m
[  49% ] [90m[1m_update_scan_actions[22m | tall_pine_v2_species2_mid.glb[39m[0m
[  50% ] [90m[1m_update_scan_actions[22m | tall_pine_v2_species2_mid_0.png[39m[0m
[  50% ] [90m[1m_update_scan_actions[22m | tall_pine_v2_species2_near.glb[39m[0m
[  50% ] [90m[1m_update_scan_actions[22m | tall_pine_v2_species2_near_0.png[39m[0m
[  51% ] [90m[1m_update_scan_actions[22m | drink_0.wav[39m[0m
[  51% ] [90m[1m_update_scan_actions[22m | drink_1.wav[39m[0m
[  52% ] [90m[1m_update_scan_actions[22m | drink_2.wav[39m[0m
[  52% ] [90m[1m_update_scan_actions[22m | eat_0.wav[39m[0m
[  52% ] [90m[1m_update_scan_actions[22m | eat_1.wav[39m[0m
[  53% ] [90m[1m_update_scan_actions[22m | eat_2.wav[39m[0m
[  53% ] [90m[1m_update_scan_actions[22m | evolve_0.wav[39m[0m
[  54% ] [90m[1m_update_scan_actions[22m | evolve_1.wav[39m[0m
[  54% ] [90m[1m_update_scan_actions[22m | evolve_2.wav[39m[0m
[  54% ] [90m[1m_update_scan_actions[22m | gather_0.wav[39m[0m
[  55% ] [90m[1m_update_scan_actions[22m | gather_1.wav[39m[0m
[  55% ] [90m[1m_update_scan_actions[22m | gather_2.wav[39m[0m
[  56% ] [90m[1m_update_scan_actions[22m | chirp_attack_0.wav[39m[0m
[  56% ] [90m[1m_update_scan_actions[22m | chirp_attack_1.wav[39m[0m
[  56% ] [90m[1m_update_scan_actions[22m | chirp_contact_0.wav[39m[0m
[  57% ] [90m[1m_update_scan_actions[22m | chirp_contact_1.wav[39m[0m
[  57% ] [90m[1m_update_scan_actions[22m | chirp_death_0.wav[39m[0m
[  58% ] [90m[1m_update_scan_actions[22m | chirp_death_1.wav[39m[0m
[  58% ] [90m[1m_update_scan_actions[22m | chirp_friend_0.wav[39m[0m
[  58% ] [90m[1m_update_scan_actions[22m | chirp_friend_1.wav[39m[0m
[  59% ] [90m[1m_update_scan_actions[22m | chirp_hurt_0.wav[39m[0m
[  59% ] [90m[1m_update_scan_actions[22m | chirp_hurt_1.wav[39m[0m
[  60% ] [90m[1m_update_scan_actions[22m | chirp_warn_0.wav[39m[0m
[  60% ] [90m[1m_update_scan_actions[22m | chirp_warn_1.wav[39m[0m
[  60% ] [90m[1m_update_scan_actions[22m | rasp_attack_0.wav[39m[0m
[  61% ] [90m[1m_update_scan_actions[22m | rasp_attack_1.wav[39m[0m
[  61% ] [90m[1m_update_scan_actions[22m | rasp_contact_0.wav[39m[0m
[  62% ] [90m[1m_update_scan_actions[22m | rasp_contact_1.wav[39m[0m
[  62% ] [90m[1m_update_scan_actions[22m | rasp_death_0.wav[39m[0m
[  63% ] [90m[1m_update_scan_actions[22m | rasp_death_1.wav[39m[0m
[  63% ] [90m[1m_update_scan_actions[22m | rasp_friend_0.wav[39m[0m
[  63% ] [90m[1m_update_scan_actions[22m | rasp_friend_1.wav[39m[0m
[  64% ] [90m[1m_update_scan_actions[22m | rasp_hurt_0.wav[39m[0m
[  64% ] [90m[1m_update_scan_actions[22m | rasp_hurt_1.wav[39m[0m
[  65% ] [90m[1m_update_scan_actions[22m | rasp_warn_0.wav[39m[0m
[  65% ] [90m[1m_update_scan_actions[22m | rasp_warn_1.wav[39m[0m
[  65% ] [90m[1m_update_scan_actions[22m | throat_attack_0.wav[39m[0m
[  66% ] [90m[1m_update_scan_actions[22m | throat_attack_1.wav[39m[0m
[  66% ] [90m[1m_update_scan_actions[22m | throat_contact_0.wav[39m[0m
[  67% ] [90m[1m_update_scan_actions[22m | throat_contact_1.wav[39m[0m
[  67% ] [90m[1m_update_scan_actions[22m | throat_death_0.wav[39m[0m
[  67% ] [90m[1m_update_scan_actions[22m | throat_death_1.wav[39m[0m
[  68% ] [90m[1m_update_scan_actions[22m | throat_friend_0.wav[39m[0m
[  68% ] [90m[1m_update_scan_actions[22m | throat_friend_1.wav[39m[0m
[  69% ] [90m[1m_update_scan_actions[22m | throat_hurt_0.wav[39m[0m
[  69% ] [90m[1m_update_scan_actions[22m | throat_hurt_1.wav[39m[0m
[  69% ] [90m[1m_update_scan_actions[22m | throat_warn_0.wav[39m[0m
[  70% ] [90m[1m_update_scan_actions[22m | throat_warn_1.wav[39m[0m
[  70% ] [90m[1m_update_scan_actions[22m | order_attack.wav[39m[0m
[  71% ] [90m[1m_update_scan_actions[22m | order_build.wav[39m[0m
[  71% ] [90m[1m_update_scan_actions[22m | order_feed.wav[39m[0m
[  71% ] [90m[1m_update_scan_actions[22m | order_gather.wav[39m[0m
[  72% ] [90m[1m_update_scan_actions[22m | order_move.wav[39m[0m
[  72% ] [90m[1m_update_scan_actions[22m | order_reject.wav[39m[0m
[  73% ] [90m[1m_update_scan_actions[22m | order_wait.wav[39m[0m
[  73% ] [90m[1m_update_scan_actions[22m | scan_abort.wav[39m[0m
[  73% ] [90m[1m_update_scan_actions[22m | scan_acquire.wav[39m[0m
[  74% ] [90m[1m_update_scan_actions[22m | scan_loop.wav[39m[0m
[  74% ] [90m[1m_update_scan_actions[22m | danger.ogg[39m[0m
[  75% ] [90m[1m_update_scan_actions[22m | exploration.ogg[39m[0m
[  75% ] [90m[1m_update_scan_actions[22m | menu.ogg[39m[0m
[  76% ] [90m[1m_update_scan_actions[22m | discovery.wav[39m[0m
[  76% ] [90m[1m_update_scan_actions[22m | foliage_loop.wav[39m[0m
[  76% ] [90m[1m_update_scan_actions[22m | jump.wav[39m[0m
[  77% ] [90m[1m_update_scan_actions[22m | land.wav[39m[0m
[  77% ] [90m[1m_update_scan_actions[22m | splash.wav[39m[0m
[  78% ] [90m[1m_update_scan_actions[22m | step_grass_0.wav[39m[0m
[  78% ] [90m[1m_update_scan_actions[22m | step_grass_1.wav[39m[0m
[  78% ] [90m[1m_update_scan_actions[22m | step_grass_2.wav[39m[0m
[  79% ] [90m[1m_update_scan_actions[22m | step_sand_0.wav[39m[0m
[  79% ] [90m[1m_update_scan_actions[22m | step_sand_1.wav[39m[0m
[  80% ] [90m[1m_update_scan_actions[22m | step_sand_2.wav[39m[0m
[  80% ] [90m[1m_update_scan_actions[22m | step_snow_0.wav[39m[0m
[  80% ] [90m[1m_update_scan_actions[22m | step_snow_1.wav[39m[0m
[  81% ] [90m[1m_update_scan_actions[22m | step_snow_2.wav[39m[0m
[  81% ] [90m[1m_update_scan_actions[22m | step_stone_0.wav[39m[0m
[  82% ] [90m[1m_update_scan_actions[22m | step_stone_1.wav[39m[0m
[  82% ] [90m[1m_update_scan_actions[22m | step_stone_2.wav[39m[0m
[  82% ] [90m[1m_update_scan_actions[22m | step_water_0.wav[39m[0m
[  83% ] [90m[1m_update_scan_actions[22m | step_water_1.wav[39m[0m
[  83% ] [90m[1m_update_scan_actions[22m | step_water_2.wav[39m[0m
[  84% ] [90m[1m_update_scan_actions[22m | step_wood_0.wav[39m[0m
[  84% ] [90m[1m_update_scan_actions[22m | step_wood_1.wav[39m[0m
[  84% ] [90m[1m_update_scan_actions[22m | step_wood_2.wav[39m[0m
[  85% ] [90m[1m_update_scan_actions[22m | swim.wav[39m[0m
[  85% ] [90m[1m_update_scan_actions[22m | ui_back.wav[39m[0m
[  86% ] [90m[1m_update_scan_actions[22m | ui_confirm.wav[39m[0m
[  86% ] [90m[1m_update_scan_actions[22m | underwater_bubbles_0.wav[39m[0m
[  86% ] [90m[1m_update_scan_actions[22m | underwater_bubbles_1.wav[39m[0m
[  87% ] [90m[1m_update_scan_actions[22m | underwater_bubbles_2.wav[39m[0m
[  87% ] [90m[1m_update_scan_actions[22m | underwater_loop.wav[39m[0m
[  88% ] [90m[1m_update_scan_actions[22m | water_dive.wav[39m[0m
[  88% ] [90m[1m_update_scan_actions[22m | water_exit.wav[39m[0m
[  89% ] [90m[1m_update_scan_actions[22m | water_loop.wav[39m[0m
[  89% ] [90m[1m_update_scan_actions[22m | water_surface.wav[39m[0m
[  89% ] [90m[1m_update_scan_actions[22m | wind_loop.wav[39m[0m
[  90% ] [90m[1m_update_scan_actions[22m | attack.svg[39m[0m
[  90% ] [90m[1m_update_scan_actions[22m | defense.svg[39m[0m
[  91% ] [90m[1m_update_scan_actions[22m | diet_meat.svg[39m[0m
[  91% ] [90m[1m_update_scan_actions[22m | diet_plant.svg[39m[0m
[  91% ] [90m[1m_update_scan_actions[22m | flight.svg[39m[0m
[  92% ] [90m[1m_update_scan_actions[22m | grip.svg[39m[0m
[  92% ] [90m[1m_update_scan_actions[22m | health.svg[39m[0m
[  93% ] [90m[1m_update_scan_actions[22m | hunger_drain.svg[39m[0m
[  93% ] [90m[1m_update_scan_actions[22m | jump.svg[39m[0m
[  93% ] [90m[1m_update_scan_actions[22m | perception.svg[39m[0m
[  94% ] [90m[1m_update_scan_actions[22m | speed.svg[39m[0m
[  94% ] [90m[1m_update_scan_actions[22m | swim.svg[39m[0m
[  95% ] [90m[1m_update_scan_actions[22m | thirst.svg[39m[0m
[  95% ] [90m[1m_update_scan_actions[22m | bark_01.png[39m[0m
[  95% ] [90m[1m_update_scan_actions[22m | dirt_01.png[39m[0m
[  96% ] [90m[1m_update_scan_actions[22m | grass_01.png[39m[0m
[  96% ] [90m[1m_update_scan_actions[22m | leaves_01.png[39m[0m
[  97% ] [90m[1m_update_scan_actions[22m | nest_fiber_01.png[39m[0m
[  97% ] [90m[1m_update_scan_actions[22m | ruin_stone_01.png[39m[0m
[  97% ] [90m[1m_update_scan_actions[22m | sand_01.png[39m[0m
[  98% ] [90m[1m_update_scan_actions[22m | stone_01.png[39m[0m
[  98% ] [90m[1m_update_scan_actions[22m | white_01.png[39m[0m
[  99% ] [90m[1m_update_scan_actions[22m | icon.svg[39m[0m
[92m[ DONE ][39m [1m_update_scan_actions[22m
[0m
[   0% ] [90m[1mreimport[22m | Started (Re)Importing Assets (245 steps)[39m[0m
[   0% ] [90m[1mreimport[22m | Preparing files to reimport...[39m[0m
[   0% ] [90m[1mreimport[22m | Preparing files to reimport...[39m[0m
[   0% ] [90m[1mreimport[22m | Preparing files to reimport...[39m[0m
[   1% ] [90m[1mreimport[22m | Preparing files to reimport...[39m[0m
[   1% ] [90m[1mreimport[22m | Preparing files to reimport...[39m[0m
[   2% ] [90m[1mreimport[22m | Preparing files to reimport...[39m[0m
[   2% ] [90m[1mreimport[22m | Preparing files to reimport...[39m[0m
[   2% ] [90m[1mreimport[22m | Preparing files to reimport...[39m[0m
[   3% ] [90m[1mreimport[22m | Preparing files to reimport...[39m[0m
[   3% ] [90m[1mreimport[22m | Preparing files to reimport...[39m[0m
[   4% ] [90m[1mreimport[22m | Preparing files to reimport...[39m[0m
[   4% ] [90m[1mreimport[22m | Preparing files to reimport...[39m[0m
[   4% ] [90m[1mreimport[22m | Preparing files to reimport...[39m[0m
[   5% ] [90m[1mreimport[22m | Preparing files to reimport...[39m[0m
[   5% ] [90m[1mreimport[22m | Preparing files to reimport...[39m[0m
[   6% ] [90m[1mreimport[22m | Preparing files to reimport...[39m[0m
[   6% ] [90m[1mreimport[22m | Preparing files to reimport...[39m[0m
[   6% ] [90m[1mreimport[22m | Preparing files to reimport...[39m[0m
[   7% ] [90m[1mreimport[22m | Preparing files to reimport...[39m[0m
[   7% ] [90m[1mreimport[22m | Preparing files to reimport...[39m[0m
[   8% ] [90m[1mreimport[22m | Preparing files to reimport...[39m[0m
[   8% ] [90m[1mreimport[22m | Preparing files to reimport...[39m[0m
[   8% ] [90m[1mreimport[22m | Preparing files to reimport...[39m[0m
[   9% ] [90m[1mreimport[22m | Preparing files to reimport...[39m[0m
[   9% ] [90m[1mreimport[22m | Preparing files to reimport...[39m[0m
[  10% ] [90m[1mreimport[22m | Preparing files to reimport...[39m[0m
[  10% ] [90m[1mreimport[22m | Preparing files to reimport...[39m[0m
[  10% ] [90m[1mreimport[22m | Preparing files to reimport...[39m[0m
[  11% ] [90m[1mreimport[22m | Preparing files to reimport...[39m[0m
[  11% ] [90m[1mreimport[22m | Preparing files to reimport...[39m[0m
[  12% ] [90m[1mreimport[22m | Preparing files to reimport...[39m[0m
[  12% ] [90m[1mreimport[22m | Preparing files to reimport...[39m[0m
[  13% ] [90m[1mreimport[22m | Preparing files to reimport...[39m[0m
[  13% ] [90m[1mreimport[22m | Preparing files to reimport...[39m[0m
[  13% ] [90m[1mreimport[22m | Preparing files to reimport...[39m[0m
[  14% ] [90m[1mreimport[22m | Preparing files to reimport...[39m[0m
[  14% ] [90m[1mreimport[22m | Preparing files to reimport...[39m[0m
[  15% ] [90m[1mreimport[22m | Preparing files to reimport...[39m[0m
[  15% ] [90m[1mreimport[22m | Preparing files to reimport...[39m[0m
[  15% ] [90m[1mreimport[22m | Preparing files to reimport...[39m[0m
[  16% ] [90m[1mreimport[22m | Preparing files to reimport...[39m[0m
[  16% ] [90m[1mreimport[22m | Preparing files to reimport...[39m[0m
[  17% ] [90m[1mreimport[22m | Preparing files to reimport...[39m[0m
[  17% ] [90m[1mreimport[22m | Preparing files to reimport...[39m[0m
[  17% ] [90m[1mreimport[22m | Preparing files to reimport...[39m[0m
[  18% ] [90m[1mreimport[22m | Preparing files to reimport...[39m[0m
[  18% ] [90m[1mreimport[22m | Preparing files to reimport...[39m[0m
[  19% ] [90m[1mreimport[22m | Preparing files to reimport...[39m[0m
[  19% ] [90m[1mreimport[22m | Preparing files to reimport...[39m[0m
[  19% ] [90m[1mreimport[22m | Preparing files to reimport...[39m[0m
[  20% ] [90m[1mreimport[22m | Preparing files to reimport...[39m[0m
[  20% ] [90m[1mreimport[22m | Preparing files to reimport...[39m[0m
[  21% ] [90m[1mreimport[22m | Preparing files to reimport...[39m[0m
[  21% ] [90m[1mreimport[22m | Preparing files to reimport...[39m[0m
[  21% ] [90m[1mreimport[22m | Preparing files to reimport...[39m[0m
[  22% ] [90m[1mreimport[22m | Preparing files to reimport...[39m[0m
[  22% ] [90m[1mreimport[22m | Preparing files to reimport...[39m[0m
[  23% ] [90m[1mreimport[22m | Preparing files to reimport...[39m[0m
[  23% ] [90m[1mreimport[22m | Preparing files to reimport...[39m[0m
[  23% ] [90m[1mreimport[22m | Preparing files to reimport...[39m[0m
[  24% ] [90m[1mreimport[22m | Preparing files to reimport...[39m[0m
[  24% ] [90m[1mreimport[22m | Preparing files to reimport...[39m[0m
[  25% ] [90m[1mreimport[22m | Preparing files to reimport...[39m[0m
[  25% ] [90m[1mreimport[22m | Preparing files to reimport...[39m[0m
[  26% ] [90m[1mreimport[22m | Preparing files to reimport...[39m[0m
[  26% ] [90m[1mreimport[22m | Preparing files to reimport...[39m[0m
[  26% ] [90m[1mreimport[22m | Preparing files to reimport...[39m[0m
[  27% ] [90m[1mreimport[22m | Preparing files to reimport...[39m[0m
[  27% ] [90m[1mreimport[22m | Preparing files to reimport...[39m[0m
[  28% ] [90m[1mreimport[22m | Preparing files to reimport...[39m[0m
[  28% ] [90m[1mreimport[22m | Preparing files to reimport...[39m[0m
[  28% ] [90m[1mreimport[22m | Preparing files to reimport...[39m[0m
[  29% ] [90m[1mreimport[22m | Preparing files to reimport...[39m[0m
[  29% ] [90m[1mreimport[22m | Preparing files to reimport...[39m[0m
[  30% ] [90m[1mreimport[22m | Preparing files to reimport...[39m[0m
[  30% ] [90m[1mreimport[22m | Preparing files to reimport...[39m[0m
[  30% ] [90m[1mreimport[22m | Preparing files to reimport...[39m[0m
[  31% ] [90m[1mreimport[22m | Preparing files to reimport...[39m[0m
[  31% ] [90m[1mreimport[22m | Preparing files to reimport...[39m[0m
[  32% ] [90m[1mreimport[22m | Preparing files to reimport...[39m[0m
[  32% ] [90m[1mreimport[22m | Preparing files to reimport...[39m[0m
[  32% ] [90m[1mreimport[22m | Preparing files to reimport...[39m[0m
[  33% ] [90m[1mreimport[22m | Preparing files to reimport...[39m[0m
[  33% ] [90m[1mreimport[22m | Preparing files to reimport...[39m[0m
[  34% ] [90m[1mreimport[22m | Preparing files to reimport...[39m[0m
[  34% ] [90m[1mreimport[22m | Preparing files to reimport...[39m[0m
[  34% ] [90m[1mreimport[22m | Preparing files to reimport...[39m[0m
[  35% ] [90m[1mreimport[22m | Preparing files to reimport...[39m[0m
[  35% ] [90m[1mreimport[22m | Preparing files to reimport...[39m[0m
[  36% ] [90m[1mreimport[22m | Preparing files to reimport...[39m[0m
[  36% ] [90m[1mreimport[22m | Preparing files to reimport...[39m[0m
[  36% ] [90m[1mreimport[22m | Preparing files to reimport...[39m[0m
[  37% ] [90m[1mreimport[22m | Preparing files to reimport...[39m[0m
[  37% ] [90m[1mreimport[22m | Preparing files to reimport...[39m[0m
[  38% ] [90m[1mreimport[22m | Preparing files to reimport...[39m[0m
[  38% ] [90m[1mreimport[22m | Preparing files to reimport...[39m[0m
[  39% ] [90m[1mreimport[22m | Preparing files to reimport...[39m[0m
[  39% ] [90m[1mreimport[22m | Preparing files to reimport...[39m[0m
[  39% ] [90m[1mreimport[22m | Preparing files to reimport...[39m[0m
[  40% ] [90m[1mreimport[22m | Preparing files to reimport...[39m[0m
[  40% ] [90m[1mreimport[22m | Preparing files to reimport...[39m[0m
[  41% ] [90m[1mreimport[22m | Preparing files to reimport...[39m[0m
[  41% ] [90m[1mreimport[22m | Preparing files to reimport...[39m[0m
[  41% ] [90m[1mreimport[22m | Preparing files to reimport...[39m[0m
[  42% ] [90m[1mreimport[22m | Preparing files to reimport...[39m[0m
[  42% ] [90m[1mreimport[22m | Preparing files to reimport...[39m[0m
[  43% ] [90m[1mreimport[22m | Preparing files to reimport...[39m[0m
[  43% ] [90m[1mreimport[22m | Preparing files to reimport...[39m[0m
[  43% ] [90m[1mreimport[22m | Preparing files to reimport...[39m[0m
[  44% ] [90m[1mreimport[22m | Preparing files to reimport...[39m[0m
[  44% ] [90m[1mreimport[22m | Preparing files to reimport...[39m[0m
[  45% ] [90m[1mreimport[22m | Preparing files to reimport...[39m[0m
[  45% ] [90m[1mreimport[22m | Preparing files to reimport...[39m[0m
[  45% ] [90m[1mreimport[22m | Preparing files to reimport...[39m[0m
[  46% ] [90m[1mreimport[22m | Preparing files to reimport...[39m[0m
[  46% ] [90m[1mreimport[22m | Preparing files to reimport...[39m[0m
[  47% ] [90m[1mreimport[22m | Preparing files to reimport...[39m[0m
[  47% ] [90m[1mreimport[22m | Preparing files to reimport...[39m[0m
[  47% ] [90m[1mreimport[22m | Preparing files to reimport...[39m[0m
[  48% ] [90m[1mreimport[22m | Preparing files to reimport...[39m[0m
[  48% ] [90m[1mreimport[22m | Preparing files to reimport...[39m[0m
[  49% ] [90m[1mreimport[22m | Preparing files to reimport...[39m[0m
[  49% ] [90m[1mreimport[22m | Preparing files to reimport...[39m[0m
[  50% ] [90m[1mreimport[22m | Preparing files to reimport...[39m[0m
[  50% ] [90m[1mreimport[22m | Preparing files to reimport...[39m[0m
[  50% ] [90m[1mreimport[22m | Preparing files to reimport...[39m[0m
[  51% ] [90m[1mreimport[22m | Preparing files to reimport...[39m[0m
[  51% ] [90m[1mreimport[22m | Preparing files to reimport...[39m[0m
[  52% ] [90m[1mreimport[22m | Preparing files to reimport...[39m[0m
[  52% ] [90m[1mreimport[22m | Preparing files to reimport...[39m[0m
[  52% ] [90m[1mreimport[22m | Preparing files to reimport...[39m[0m
[  53% ] [90m[1mreimport[22m | Preparing files to reimport...[39m[0m
[  53% ] [90m[1mreimport[22m | Preparing files to reimport...[39m[0m
[  54% ] [90m[1mreimport[22m | Preparing files to reimport...[39m[0m
[  54% ] [90m[1mreimport[22m | Preparing files to reimport...[39m[0m
[  54% ] [90m[1mreimport[22m | Preparing files to reimport...[39m[0m
[  55% ] [90m[1mreimport[22m | Preparing files to reimport...[39m[0m
[  55% ] [90m[1mreimport[22m | Preparing files to reimport...[39m[0m
[  56% ] [90m[1mreimport[22m | Preparing files to reimport...[39m[0m
[  56% ] [90m[1mreimport[22m | Preparing files to reimport...[39m[0m
[  56% ] [90m[1mreimport[22m | Preparing files to reimport...[39m[0m
[  57% ] [90m[1mreimport[22m | Preparing files to reimport...[39m[0m
[  57% ] [90m[1mreimport[22m | Preparing files to reimport...[39m[0m
[  58% ] [90m[1mreimport[22m | Preparing files to reimport...[39m[0m
[  58% ] [90m[1mreimport[22m | Preparing files to reimport...[39m[0m
[  58% ] [90m[1mreimport[22m | Preparing files to reimport...[39m[0m
[  59% ] [90m[1mreimport[22m | Preparing files to reimport...[39m[0m
[  59% ] [90m[1mreimport[22m | Preparing files to reimport...[39m[0m
[  60% ] [90m[1mreimport[22m | Preparing files to reimport...[39m[0m
[  60% ] [90m[1mreimport[22m | Preparing files to reimport...[39m[0m
[  60% ] [90m[1mreimport[22m | Preparing files to reimport...[39m[0m
[  61% ] [90m[1mreimport[22m | Preparing files to reimport...[39m[0m
[  61% ] [90m[1mreimport[22m | Preparing files to reimport...[39m[0m
[  62% ] [90m[1mreimport[22m | Preparing files to reimport...[39m[0m
[  62% ] [90m[1mreimport[22m | Preparing files to reimport...[39m[0m
[  63% ] [90m[1mreimport[22m | Preparing files to reimport...[39m[0m
[  63% ] [90m[1mreimport[22m | Preparing files to reimport...[39m[0m
[  63% ] [90m[1mreimport[22m | Preparing files to reimport...[39m[0m
[  64% ] [90m[1mreimport[22m | Preparing files to reimport...[39m[0m
[  64% ] [90m[1mreimport[22m | Preparing files to reimport...[39m[0m
[  65% ] [90m[1mreimport[22m | Preparing files to reimport...[39m[0m
[  65% ] [90m[1mreimport[22m | Preparing files to reimport...[39m[0m
[  65% ] [90m[1mreimport[22m | Preparing files to reimport...[39m[0m
[  66% ] [90m[1mreimport[22m | Preparing files to reimport...[39m[0m
[  66% ] [90m[1mreimport[22m | Preparing files to reimport...[39m[0m
[  67% ] [90m[1mreimport[22m | Preparing files to reimport...[39m[0m
[  67% ] [90m[1mreimport[22m | Preparing files to reimport...[39m[0m
[  67% ] [90m[1mreimport[22m | Preparing files to reimport...[39m[0m
[  68% ] [90m[1mreimport[22m | Preparing files to reimport...[39m[0m
[  68% ] [90m[1mreimport[22m | Preparing files to reimport...[39m[0m
[  69% ] [90m[1mreimport[22m | Preparing files to reimport...[39m[0m
[  69% ] [90m[1mreimport[22m | Preparing files to reimport...[39m[0m
[  69% ] [90m[1mreimport[22m | Preparing files to reimport...[39m[0m
[  70% ] [90m[1mreimport[22m | Preparing files to reimport...[39m[0m
[  70% ] [90m[1mreimport[22m | Preparing files to reimport...[39m[0m
[  71% ] [90m[1mreimport[22m | Preparing files to reimport...[39m[0m
[  71% ] [90m[1mreimport[22m | Preparing files to reimport...[39m[0m
[  71% ] [90m[1mreimport[22m | Preparing files to reimport...[39m[0m
[  72% ] [90m[1mreimport[22m | Preparing files to reimport...[39m[0m
[  72% ] [90m[1mreimport[22m | Preparing files to reimport...[39m[0m
[  73% ] [90m[1mreimport[22m | Preparing files to reimport...[39m[0m
[  73% ] [90m[1mreimport[22m | Preparing files to reimport...[39m[0m
[  73% ] [90m[1mreimport[22m | Preparing files to reimport...[39m[0m
[  74% ] [90m[1mreimport[22m | Preparing files to reimport...[39m[0m
[  74% ] [90m[1mreimport[22m | Preparing files to reimport...[39m[0m
[  75% ] [90m[1mreimport[22m | Preparing files to reimport...[39m[0m
[  75% ] [90m[1mreimport[22m | Preparing files to reimport...[39m[0m
[  76% ] [90m[1mreimport[22m | Preparing files to reimport...[39m[0m
[  76% ] [90m[1mreimport[22m | Preparing files to reimport...[39m[0m
[  76% ] [90m[1mreimport[22m | Preparing files to reimport...[39m[0m
[  77% ] [90m[1mreimport[22m | Preparing files to reimport...[39m[0m
[  77% ] [90m[1mreimport[22m | Preparing files to reimport...[39m[0m
[  78% ] [90m[1mreimport[22m | Preparing files to reimport...[39m[0m
[  78% ] [90m[1mreimport[22m | Preparing files to reimport...[39m[0m
[  78% ] [90m[1mreimport[22m | Preparing files to reimport...[39m[0m
[  79% ] [90m[1mreimport[22m | Preparing files to reimport...[39m[0m
[  79% ] [90m[1mreimport[22m | Preparing files to reimport...[39m[0m
[  80% ] [90m[1mreimport[22m | Preparing files to reimport...[39m[0m
[  80% ] [90m[1mreimport[22m | Preparing files to reimport...[39m[0m
[  80% ] [90m[1mreimport[22m | Preparing files to reimport...[39m[0m
[  81% ] [90m[1mreimport[22m | Preparing files to reimport...[39m[0m
[  81% ] [90m[1mreimport[22m | Preparing files to reimport...[39m[0m
[  82% ] [90m[1mreimport[22m | Preparing files to reimport...[39m[0m
[  82% ] [90m[1mreimport[22m | Preparing files to reimport...[39m[0m
[  82% ] [90m[1mreimport[22m | Preparing files to reimport...[39m[0m
[  83% ] [90m[1mreimport[22m | Preparing files to reimport...[39m[0m
[  83% ] [90m[1mreimport[22m | Preparing files to reimport...[39m[0m
[  84% ] [90m[1mreimport[22m | Preparing files to reimport...[39m[0m
[  84% ] [90m[1mreimport[22m | Preparing files to reimport...[39m[0m
[  84% ] [90m[1mreimport[22m | Preparing files to reimport...[39m[0m
[  85% ] [90m[1mreimport[22m | Preparing files to reimport...[39m[0m
[  85% ] [90m[1mreimport[22m | Preparing files to reimport...[39m[0m
[  86% ] [90m[1mreimport[22m | Preparing files to reimport...[39m[0m
[  86% ] [90m[1mreimport[22m | Preparing files to reimport...[39m[0m
[  86% ] [90m[1mreimport[22m | Preparing files to reimport...[39m[0m
[  87% ] [90m[1mreimport[22m | Preparing files to reimport...[39m[0m
[  87% ] [90m[1mreimport[22m | Preparing files to reimport...[39m[0m
[  88% ] [90m[1mreimport[22m | Preparing files to reimport...[39m[0m
[  88% ] [90m[1mreimport[22m | Preparing files to reimport...[39m[0m
[  89% ] [90m[1mreimport[22m | Preparing files to reimport...[39m[0m
[  89% ] [90m[1mreimport[22m | Preparing files to reimport...[39m[0m
[  89% ] [90m[1mreimport[22m | Preparing files to reimport...[39m[0m
[  90% ] [90m[1mreimport[22m | Preparing files to reimport...[39m[0m
[  90% ] [90m[1mreimport[22m | Preparing files to reimport...[39m[0m
[  91% ] [90m[1mreimport[22m | Preparing files to reimport...[39m[0m
[  91% ] [90m[1mreimport[22m | Preparing files to reimport...[39m[0m
[  91% ] [90m[1mreimport[22m | Preparing files to reimport...[39m[0m
[  92% ] [90m[1mreimport[22m | Preparing files to reimport...[39m[0m
[  92% ] [90m[1mreimport[22m | Preparing files to reimport...[39m[0m
[  93% ] [90m[1mreimport[22m | Preparing files to reimport...[39m[0m
[  93% ] [90m[1mreimport[22m | Preparing files to reimport...[39m[0m
[  93% ] [90m[1mreimport[22m | Preparing files to reimport...[39m[0m
[  94% ] [90m[1mreimport[22m | Preparing files to reimport...[39m[0m
[  94% ] [90m[1mreimport[22m | Preparing files to reimport...[39m[0m
[  95% ] [90m[1mreimport[22m | Preparing files to reimport...[39m[0m
[  95% ] [90m[1mreimport[22m | Preparing files to reimport...[39m[0m
[  95% ] [90m[1mreimport[22m | Preparing files to reimport...[39m[0m
[  96% ] [90m[1mreimport[22m | Preparing files to reimport...[39m[0m
[  96% ] [90m[1mreimport[22m | Preparing files to reimport...[39m[0m
[  97% ] [90m[1mreimport[22m | Preparing files to reimport...[39m[0m
[  97% ] [90m[1mreimport[22m | Preparing files to reimport...[39m[0m
[  97% ] [90m[1mreimport[22m | Preparing files to reimport...[39m[0m
[  98% ] [90m[1mreimport[22m | Preparing files to reimport...[39m[0m
[  98% ] [90m[1mreimport[22m | Preparing files to reimport...[39m[0m
[  99% ] [90m[1mreimport[22m | Preparing files to reimport...[39m[0m
[   0% ] [90m[1mreimport[22m | Executing pre-reimport operations...[39m[0m
[   0% ] [90m[1mpreload_reimporting_scene[22m | Started Preparing scenes for reload (1 steps)[39m[0m
[   0% ] [90m[1mpreload_reimporting_scene[22m | Analyzing scene [empty][39m[0m
[  50% ] [90m[1mpreload_reimporting_scene[22m | Preparation done.[39m[0m
[92m[ DONE ][39m [1mpreload_reimporting_scene[22m
[0m
[   0% ] [90m[1mreimport[22m | danger.ogg[39m[0m
EditorFileSystem: Importing file: res://audio/assets/music/danger.ogg
EditorFileSystem: Importing file: res://audio/assets/music/menu.ogg
EditorFileSystem: Importing file: res://audio/assets/music/exploration.ogg
EditorFileSystem: "res://audio/assets/music/danger.ogg" import took 4 ms.
[   0% ] [90m[1mreimport[22m | exploration.ogg[39m[0m
EditorFileSystem: "res://audio/assets/music/exploration.ogg" import took 4 ms.
[   0% ] [90m[1mreimport[22m | menu.ogg[39m[0m
EditorFileSystem: "res://audio/assets/music/menu.ogg" import took 6 ms.
[   1% ] [90m[1mreimport[22m | danger.ogg[39m[0m
EditorFileSystem: Importing file: res://assets/packs/temperate_forest_v1/environment/benchmark_v2/grass_tuft_v2_species1_near_0.png
EditorFileSystem: Importing file: res://assets/packs/temperate_forest_v1/environment/benchmark_v2/grass_tuft_v2_species1_mid_0.png
EditorFileSystem: Importing file: res://assets/packs/temperate_forest_v1/environment/benchmark_v2/grass_tuft_v2_species1_far_0.png
EditorFileSystem: Importing file: res://assets/packs/temperate_forest_v1/environment/benchmark_v2/grass_tuft_v2_near_0.png
EditorFileSystem: Importing file: res://assets/packs/temperate_forest_v1/environment/benchmark_v2/grass_tuft_v2_mid_0.png
EditorFileSystem: Importing file: res://assets/packs/temperate_forest_v1/environment/benchmark_v2/grass_tuft_v2_far_0.png
EditorFileSystem: "res://assets/packs/temperate_forest_v1/environment/benchmark_v2/grass_tuft_v2_mid_0.png" import took 1 ms.
EditorFileSystem: Importing file: res://assets/packs/temperate_forest_v1/environment/benchmark_v2/flower_cluster_v2_species2_near_0.png
[   1% ] [90m[1mreimport[22m | exploration.ogg[39m[0m
EditorFileSystem: "res://assets/packs/temperate_forest_v1/environment/benchmark_v2/grass_tuft_v2_species1_near_0.png" import took 2 ms.
EditorFileSystem: Importing file: res://assets/packs/temperate_forest_v1/environment/benchmark_v2/flower_cluster_v2_species2_mid_0.png
[   2% ] [90m[1mreimport[22m | menu.ogg[39m[0m
EditorFileSystem: "res://assets/packs/temperate_forest_v1/environment/benchmark_v2/grass_tuft_v2_near_0.png" import took 2 ms.
EditorFileSystem: Importing file: res://assets/packs/temperate_forest_v1/environment/benchmark_v2/flower_cluster_v2_species2_far_0.png
[   2% ] [90m[1mreimport[22m | grass_tuft_v2_species1_near_0.png[39m[0m
EditorFileSystem: "res://assets/packs/temperate_forest_v1/environment/benchmark_v2/grass_tuft_v2_species1_far_0.png" import took 2 ms.
EditorFileSystem: Importing file: res://assets/packs/temperate_forest_v1/environment/benchmark_v2/flower_cluster_v2_species1_near_0.png
[   2% ] [90m[1mreimport[22m | grass_tuft_v2_species1_mid_0.png[39m[0m
EditorFileSystem: "res://assets/packs/temperate_forest_v1/environment/benchmark_v2/flower_cluster_v2_species2_near_0.png" import took 2 ms.
EditorFileSystem: Importing file: res://assets/packs/temperate_forest_v1/environment/benchmark_v2/flower_cluster_v2_species1_mid_0.png
[   3% ] [90m[1mreimport[22m | grass_tuft_v2_species1_far_0.png[39m[0m
EditorFileSystem: "res://assets/packs/temperate_forest_v1/environment/benchmark_v2/flower_cluster_v2_species2_mid_0.png" import took 1 ms.
EditorFileSystem: Importing file: res://assets/packs/temperate_forest_v1/environment/benchmark_v2/flower_cluster_v2_species1_far_0.png
[   3% ] [90m[1mreimport[22m | grass_tuft_v2_near_0.png[39m[0m
EditorFileSystem: "res://assets/packs/temperate_forest_v1/environment/benchmark_v2/grass_tuft_v2_far_0.png" import took 3 ms.
EditorFileSystem: Importing file: res://assets/packs/temperate_forest_v1/environment/benchmark_v2/flower_cluster_v2_near_0.png
[   4% ] [90m[1mreimport[22m | grass_tuft_v2_mid_0.png[39m[0m
EditorFileSystem: "res://assets/packs/temperate_forest_v1/environment/benchmark_v2/grass_tuft_v2_species1_mid_0.png" import took 3 ms.
EditorFileSystem: Importing file: res://assets/packs/temperate_forest_v1/environment/benchmark_v2/flower_cluster_v2_mid_0.png
[   4% ] [90m[1mreimport[22m | grass_tuft_v2_far_0.png[39m[0m
EditorFileSystem: "res://assets/packs/temperate_forest_v1/environment/benchmark_v2/flower_cluster_v2_species2_far_0.png" import took 1 ms.
EditorFileSystem: Importing file: res://assets/packs/temperate_forest_v1/environment/benchmark_v2/flower_cluster_v2_far_0.png
[   4% ] [90m[1mreimport[22m | flower_cluster_v2_species2_near_0.png[39m[0m
EditorFileSystem: "res://assets/packs/temperate_forest_v1/environment/benchmark_v2/flower_cluster_v2_species1_near_0.png" import took 1 ms.
EditorFileSystem: Importing file: res://assets/packs/temperate_forest_v1/environment/benchmark_v2/fern_cluster_v2_species2_near_0.png
[   5% ] [90m[1mreimport[22m | flower_cluster_v2_species2_mid_0.png[39m[0m
EditorFileSystem: "res://assets/packs/temperate_forest_v1/environment/benchmark_v2/flower_cluster_v2_species1_far_0.png" import took 1 ms.
EditorFileSystem: Importing file: res://assets/packs/temperate_forest_v1/environment/benchmark_v2/fern_cluster_v2_species2_mid_0.png
[   5% ] [90m[1mreimport[22m | flower_cluster_v2_species2_far_0.png[39m[0m
EditorFileSystem: "res://assets/packs/temperate_forest_v1/environment/benchmark_v2/flower_cluster_v2_mid_0.png" import took 1 ms.
EditorFileSystem: "res://assets/packs/temperate_forest_v1/environment/benchmark_v2/flower_cluster_v2_near_0.png" import took 2 ms.
EditorFileSystem: "res://assets/packs/temperate_forest_v1/environment/benchmark_v2/flower_cluster_v2_species1_mid_0.png" import took 2 ms.
EditorFileSystem: Importing file: res://assets/packs/temperate_forest_v1/environment/benchmark_v2/fern_cluster_v2_species2_far_0.png
[   6% ] [90m[1mreimport[22m | flower_cluster_v2_species1_near_0.png[39m[0m
EditorFileSystem: Importing file: res://assets/packs/temperate_forest_v1/environment/benchmark_v2/fern_cluster_v2_species1_near_0.png
EditorFileSystem: Importing file: res://assets/packs/temperate_forest_v1/environment/benchmark_v2/fern_cluster_v2_species1_mid_0.png
[   6% ] [90m[1mreimport[22m | flower_cluster_v2_species1_mid_0.png[39m[0m
[   6% ] [90m[1mreimport[22m | flower_cluster_v2_species1_far_0.png[39m[0m
EditorFileSystem: "res://assets/packs/temperate_forest_v1/environment/benchmark_v2/flower_cluster_v2_far_0.png" import took 2 ms.
EditorFileSystem: Importing file: res://assets/packs/temperate_forest_v1/environment/benchmark_v2/tall_pine_v2_species2_near_0.png
EditorFileSystem: "res://assets/packs/temperate_forest_v1/environment/benchmark_v2/fern_cluster_v2_species2_near_0.png" import took 2 ms.
EditorFileSystem: Importing file: res://assets/packs/temperate_forest_v1/environment/benchmark_v2/tall_pine_v2_species2_mid_0.png
EditorFileSystem: "res://assets/packs/temperate_forest_v1/environment/benchmark_v2/fern_cluster_v2_species2_mid_0.png" import took 2 ms.
EditorFileSystem: Importing file: res://assets/packs/temperate_forest_v1/environment/benchmark_v2/tall_pine_v2_species2_far_0.png
EditorFileSystem: "res://assets/packs/temperate_forest_v1/environment/benchmark_v2/fern_cluster_v2_species1_near_0.png" import took 1 ms.
EditorFileSystem: Importing file: res://assets/packs/temperate_forest_v1/environment/benchmark_v2/tall_pine_v2_species1_near_0.png
EditorFileSystem: "res://assets/packs/temperate_forest_v1/environment/benchmark_v2/fern_cluster_v2_species2_far_0.png" import took 1 ms.
[   7% ] [90m[1mreimport[22m | flower_cluster_v2_near_0.png[39m[0m
EditorFileSystem: Importing file: res://assets/packs/temperate_forest_v1/environment/benchmark_v2/tall_pine_v2_species1_mid_0.png
[   7% ] [90m[1mreimport[22m | flower_cluster_v2_mid_0.png[39m[0m
[   8% ] [90m[1mreimport[22m | flower_cluster_v2_far_0.png[39m[0m
[   8% ] [90m[1mreimport[22m | fern_cluster_v2_species2_near_0.png[39m[0m
[   8% ] [90m[1mreimport[22m | fern_cluster_v2_species2_mid_0.png[39m[0m
EditorFileSystem: "res://assets/packs/temperate_forest_v1/environment/benchmark_v2/tall_pine_v2_species2_near_0.png" import took 2 ms.
EditorFileSystem: Importing file: res://assets/packs/temperate_forest_v1/environment/benchmark_v2/tall_pine_v2_species1_far_0.png
[   9% ] [90m[1mreimport[22m | fern_cluster_v2_species2_far_0.png[39m[0m
EditorFileSystem: "res://assets/packs/temperate_forest_v1/environment/benchmark_v2/tall_pine_v2_species2_mid_0.png" import took 2 ms.
EditorFileSystem: Importing file: res://assets/packs/temperate_forest_v1/environment/benchmark_v2/tall_pine_v2_near_0.png
[   9% ] [90m[1mreimport[22m | fern_cluster_v2_species1_near_0.png[39m[0m
EditorFileSystem: "res://assets/packs/temperate_forest_v1/environment/benchmark_v2/tall_pine_v2_species2_far_0.png" import took 3 ms.
EditorFileSystem: Importing file: res://assets/packs/temperate_forest_v1/environment/benchmark_v2/tall_pine_v2_mid_0.png
[  10% ] [90m[1mreimport[22m | fern_cluster_v2_species1_mid_0.png[39m[0m
EditorFileSystem: "res://assets/packs/temperate_forest_v1/environment/benchmark_v2/fern_cluster_v2_species1_mid_0.png" import took 3 ms.
EditorFileSystem: Importing file: res://assets/packs/temperate_forest_v1/environment/benchmark_v2/tall_pine_v2_far_0.png
[  10% ] [90m[1mreimport[22m | tall_pine_v2_species2_near_0.png[39m[0m
EditorFileSystem: "res://assets/packs/temperate_forest_v1/environment/benchmark_v2/tall_pine_v2_species1_mid_0.png" import took 3 ms.
EditorFileSystem: "res://assets/packs/temperate_forest_v1/environment/benchmark_v2/tall_pine_v2_species1_near_0.png" import took 3 ms.
EditorFileSystem: Importing file: res://assets/packs/temperate_forest_v1/environment/benchmark_v2/layered_rock_v2_species2_near_0.png
[  10% ] [90m[1mreimport[22m | tall_pine_v2_species2_mid_0.png[39m[0m
EditorFileSystem: "res://assets/packs/temperate_forest_v1/environment/benchmark_v2/tall_pine_v2_mid_0.png" import took 1 ms.
EditorFileSystem: Importing file: res://assets/packs/temperate_forest_v1/environment/benchmark_v2/layered_rock_v2_species2_mid_0.png
EditorFileSystem: Importing file: res://assets/packs/temperate_forest_v1/environment/benchmark_v2/layered_rock_v2_species2_far_0.png
[  11% ] [90m[1mreimport[22m | tall_pine_v2_species2_far_0.png[39m[0m
[  11% ] [90m[1mreimport[22m | tall_pine_v2_species1_near_0.png[39m[0m
EditorFileSystem: "res://assets/packs/temperate_forest_v1/environment/benchmark_v2/tall_pine_v2_species1_far_0.png" import took 3 ms.
EditorFileSystem: "res://assets/packs/temperate_forest_v1/environment/benchmark_v2/tall_pine_v2_near_0.png" import took 3 ms.
EditorFileSystem: Importing file: res://assets/packs/temperate_forest_v1/environment/benchmark_v2/layered_rock_v2_species1_near_0.png
[  12% ] [90m[1mreimport[22m | tall_pine_v2_species1_mid_0.png[39m[0m
EditorFileSystem: Importing file: res://assets/packs/temperate_forest_v1/environment/benchmark_v2/layered_rock_v2_species1_mid_0.png
[  12% ] [90m[1mreimport[22m | tall_pine_v2_species1_far_0.png[39m[0m
EditorFileSystem: "res://assets/packs/temperate_forest_v1/environment/benchmark_v2/tall_pine_v2_far_0.png" import took 2 ms.
EditorFileSystem: Importing file: res://assets/packs/temperate_forest_v1/environment/benchmark_v2/layered_rock_v2_species1_far_0.png
[  13% ] [90m[1mreimport[22m | tall_pine_v2_near_0.png[39m[0m
EditorFileSystem: "res://assets/packs/temperate_forest_v1/environment/benchmark_v2/layered_rock_v2_species2_far_0.png" import took 1 ms.
EditorFileSystem: Importing file: res://assets/packs/temperate_forest_v1/environment/benchmark_v2/layered_rock_v2_near_0.png
[  13% ] [90m[1mreimport[22m | tall_pine_v2_mid_0.png[39m[0m
EditorFileSystem: "res://assets/packs/temperate_forest_v1/environment/benchmark_v2/layered_rock_v2_species2_mid_0.png" import took 2 ms.
EditorFileSystem: "res://assets/packs/temperate_forest_v1/environment/benchmark_v2/layered_rock_v2_species2_near_0.png" import took 2 ms.
EditorFileSystem: Importing file: res://assets/packs/temperate_forest_v1/environment/benchmark_v2/layered_rock_v2_mid_0.png
EditorFileSystem: Importing file: res://assets/packs/temperate_forest_v1/environment/benchmark_v2/layered_rock_v2_far_0.png
[  13% ] [90m[1mreimport[22m | tall_pine_v2_far_0.png[39m[0m
[  14% ] [90m[1mreimport[22m | layered_rock_v2_species2_near_0.png[39m[0m
EditorFileSystem: "res://assets/packs/temperate_forest_v1/environment/benchmark_v2/layered_rock_v2_species1_far_0.png" import took 1 ms.
EditorFileSystem: Importing file: res://assets/packs/temperate_forest_v1/environment/benchmark_v2/grass_tuft_v2_species2_near_0.png
[  14% ] [90m[1mreimport[22m | layered_rock_v2_species2_mid_0.png[39m[0m
EditorFileSystem: "res://assets/packs/temperate_forest_v1/environment/benchmark_v2/layered_rock_v2_species1_near_0.png" import took 2 ms.
EditorFileSystem: Importing file: res://assets/packs/temperate_forest_v1/environment/benchmark_v2/grass_tuft_v2_species2_mid_0.png
[  15% ] [90m[1mreimport[22m | layered_rock_v2_species2_far_0.png[39m[0m
EditorFileSystem: "res://assets/packs/temperate_forest_v1/environment/benchmark_v2/layered_rock_v2_species1_mid_0.png" import took 2 ms.
EditorFileSystem: Importing file: res://assets/packs/temperate_forest_v1/environment/benchmark_v2/grass_tuft_v2_species2_far_0.png
[  15% ] [90m[1mreimport[22m | layered_rock_v2_species1_near_0.png[39m[0m
EditorFileSystem: "res://assets/packs/temperate_forest_v1/environment/benchmark_v2/grass_tuft_v2_species2_near_0.png" import took 1 ms.
EditorFileSystem: Importing file: res://ui/discovery/icons/jump.svg
[  15% ] [90m[1mreimport[22m | layered_rock_v2_species1_mid_0.png[39m[0m
EditorFileSystem: "res://assets/packs/temperate_forest_v1/environment/benchmark_v2/layered_rock_v2_mid_0.png" import took 1 ms.
EditorFileSystem: "res://assets/packs/temperate_forest_v1/environment/benchmark_v2/layered_rock_v2_far_0.png" import took 1 ms.
EditorFileSystem: Importing file: res://assets/packs/temperate_forest_v1/environment/benchmark_v2/dense_bush_v2_species1_mid_0.png
[  16% ] [90m[1mreimport[22m | layered_rock_v2_species1_far_0.png[39m[0m
EditorFileSystem: Importing file: res://ui/discovery/icons/perception.svg
[  16% ] [90m[1mreimport[22m | layered_rock_v2_near_0.png[39m[0m
EditorFileSystem: "res://assets/packs/temperate_forest_v1/environment/benchmark_v2/layered_rock_v2_near_0.png" import took 3 ms.
EditorFileSystem: Importing file: res://assets/packs/temperate_forest_v1/environment/benchmark_v2/dense_bush_v2_species1_far_0.png
[  17% ] [90m[1mreimport[22m | layered_rock_v2_mid_0.png[39m[0m
EditorFileSystem: "res://assets/packs/temperate_forest_v1/environment/benchmark_v2/grass_tuft_v2_species2_mid_0.png" import took 2 ms.
EditorFileSystem: Importing file: res://ui/discovery/icons/speed.svg
[  17% ] [90m[1mreimport[22m | layered_rock_v2_far_0.png[39m[0m
EditorFileSystem: "res://ui/discovery/icons/jump.svg" import took 1 ms.
EditorFileSystem: Importing file: res://assets/packs/temperate_forest_v1/environment/benchmark_v2/dense_bush_v2_near_0.png
[  17% ] [90m[1mreimport[22m | grass_tuft_v2_species2_near_0.png[39m[0m
EditorFileSystem: "res://assets/packs/temperate_forest_v1/environment/benchmark_v2/grass_tuft_v2_species2_far_0.png" import took 2 ms.
EditorFileSystem: Importing file: res://ui/discovery/icons/swim.svg
[  18% ] [90m[1mreimport[22m | grass_tuft_v2_species2_mid_0.png[39m[0m
EditorFileSystem: "res://ui/discovery/icons/perception.svg" import took 1 ms.
EditorFileSystem: Importing file: res://assets/packs/temperate_forest_v1/environment/benchmark_v2/dense_bush_v2_mid_0.png
[  18% ] [90m[1mreimport[22m | grass_tuft_v2_species2_far_0.png[39m[0m
EditorFileSystem: "res://assets/packs/temperate_forest_v1/environment/benchmark_v2/dense_bush_v2_species1_mid_0.png" import took 1 ms.
EditorFileSystem: Importing file: res://ui/discovery/icons/thirst.svg
[  19% ] [90m[1mreimport[22m | jump.svg[39m[0m
EditorFileSystem: "res://assets/packs/temperate_forest_v1/environment/benchmark_v2/dense_bush_v2_species1_far_0.png" import took 1 ms.
EditorFileSystem: Importing file: res://assets/packs/temperate_forest_v1/environment/benchmark_v2/dense_bush_v2_far_0.png
[  19% ] [90m[1mreimport[22m | dense_bush_v2_species1_mid_0.png[39m[0m
EditorFileSystem: "res://assets/packs/temperate_forest_v1/environment/benchmark_v2/dense_bush_v2_near_0.png" import took 1 ms.
EditorFileSystem: Importing file: res://world/visuals/voxel/textures/bark_01.png
[  19% ] [90m[1mreimport[22m | perception.svg[39m[0m
EditorFileSystem: "res://ui/discovery/icons/speed.svg" import took 1 ms.
EditorFileSystem: Importing file: res://assets/packs/temperate_forest_v1/environment/benchmark_v2/ancient_oak_v2_species2_near_0.png
[  20% ] [90m[1mreimport[22m | dense_bush_v2_species1_far_0.png[39m[0m
EditorFileSystem: "res://ui/discovery/icons/swim.svg" import took 2 ms.
EditorFileSystem: Importing file: res://world/visuals/voxel/textures/dirt_01.png
[  20% ] [90m[1mreimport[22m | speed.svg[39m[0m
EditorFileSystem: "res://world/visuals/voxel/textures/bark_01.png" import took 1 ms.
EditorFileSystem: Importing file: res://assets/packs/temperate_forest_v1/environment/benchmark_v2/ancient_oak_v2_species2_mid_0.png
[  21% ] [90m[1mreimport[22m | dense_bush_v2_near_0.png[39m[0m
EditorFileSystem: "res://ui/discovery/icons/thirst.svg" import took 1 ms.
EditorFileSystem: Importing file: res://world/visuals/voxel/textures/grass_01.png
[  21% ] [90m[1mreimport[22m | swim.svg[39m[0m
EditorFileSystem: "res://assets/packs/temperate_forest_v1/environment/benchmark_v2/dense_bush_v2_far_0.png" import took 1 ms.
EditorFileSystem: Importing file: res://assets/packs/temperate_forest_v1/environment/benchmark_v2/ancient_oak_v2_species2_far_0.png
EditorFileSystem: "res://assets/packs/temperate_forest_v1/environment/benchmark_v2/dense_bush_v2_mid_0.png" import took 2 ms.
[  21% ] [90m[1mreimport[22m | dense_bush_v2_mid_0.png[39m[0m
EditorFileSystem: Importing file: res://world/visuals/voxel/textures/leaves_01.png
[  22% ] [90m[1mreimport[22m | thirst.svg[39m[0m
EditorFileSystem: "res://world/visuals/voxel/textures/dirt_01.png" import took 1 ms.
EditorFileSystem: Importing file: res://assets/packs/temperate_forest_v1/environment/benchmark_v2/ancient_oak_v2_species1_near_0.png
[  22% ] [90m[1mreimport[22m | dense_bush_v2_far_0.png[39m[0m
EditorFileSystem: "res://world/visuals/voxel/textures/grass_01.png" import took 1 ms.
EditorFileSystem: "res://assets/packs/temperate_forest_v1/environment/benchmark_v2/ancient_oak_v2_species2_mid_0.png" import took 1 ms.
EditorFileSystem: Importing file: res://world/visuals/voxel/textures/nest_fiber_01.png
[  23% ] [90m[1mreimport[22m | bark_01.png[39m[0m
EditorFileSystem: Importing file: res://assets/packs/temperate_forest_v1/environment/benchmark_v2/ancient_oak_v2_species1_mid_0.png
[  23% ] [90m[1mreimport[22m | ancient_oak_v2_species2_near_0.png[39m[0m
EditorFileSystem: "res://world/visuals/voxel/textures/leaves_01.png" import took 1 ms.
EditorFileSystem: Importing file: res://world/visuals/voxel/textures/ruin_stone_01.png
[  23% ] [90m[1mreimport[22m | dirt_01.png[39m[0m
EditorFileSystem: "res://assets/packs/temperate_forest_v1/environment/benchmark_v2/ancient_oak_v2_species2_far_0.png" import took 1 ms.
EditorFileSystem: "res://assets/packs/temperate_forest_v1/environment/benchmark_v2/ancient_oak_v2_species2_near_0.png" import took 2 ms.
EditorFileSystem: Importing file: res://assets/packs/temperate_forest_v1/environment/benchmark_v2/ancient_oak_v2_species1_far_0.png
[  24% ] [90m[1mreimport[22m | ancient_oak_v2_species2_mid_0.png[39m[0m
EditorFileSystem: Importing file: res://world/visuals/voxel/textures/sand_01.png
[  24% ] [90m[1mreimport[22m | grass_01.png[39m[0m
EditorFileSystem: "res://assets/packs/temperate_forest_v1/environment/benchmark_v2/ancient_oak_v2_species1_mid_0.png" import took 1 ms.
EditorFileSystem: Importing file: res://assets/packs/temperate_forest_v1/environment/benchmark_v2/ancient_oak_v2_near_0.png
[  25% ] [90m[1mreimport[22m | ancient_oak_v2_species2_far_0.png[39m[0m
EditorFileSystem: "res://world/visuals/voxel/textures/nest_fiber_01.png" import took 1 ms.
EditorFileSystem: "res://world/visuals/voxel/textures/ruin_stone_01.png" import took 1 ms.
EditorFileSystem: Importing file: res://world/visuals/voxel/textures/stone_01.png
[  25% ] [90m[1mreimport[22m | leaves_01.png[39m[0m
EditorFileSystem: Importing file: res://assets/packs/temperate_forest_v1/environment/benchmark_v2/ancient_oak_v2_mid_0.png
[  26% ] [90m[1mreimport[22m | ancient_oak_v2_species1_near_0.png[39m[0m
EditorFileSystem: "res://world/visuals/voxel/textures/sand_01.png" import took 2 ms.
EditorFileSystem: Importing file: res://world/visuals/voxel/textures/white_01.png
[  26% ] [90m[1mreimport[22m | nest_fiber_01.png[39m[0m
EditorFileSystem: "res://assets/packs/temperate_forest_v1/environment/benchmark_v2/ancient_oak_v2_species1_far_0.png" import took 2 ms.
EditorFileSystem: Importing file: res://assets/packs/temperate_forest_v1/environment/benchmark_v2/ancient_oak_v2_far_0.png
[  26% ] [90m[1mreimport[22m | ancient_oak_v2_species1_mid_0.png[39m[0m
EditorFileSystem: "res://assets/packs/temperate_forest_v1/environment/benchmark_v2/ancient_oak_v2_species1_near_0.png" import took 2 ms.
EditorFileSystem: Importing file: res://icon.svg
[  27% ] [90m[1mreimport[22m | ruin_stone_01.png[39m[0m
EditorFileSystem: "res://assets/packs/temperate_forest_v1/environment/benchmark_v2/ancient_oak_v2_near_0.png" import took 1 ms.
EditorFileSystem: Importing file: res://ui/discovery/icons/diet_plant.svg
[  27% ] [90m[1mreimport[22m | ancient_oak_v2_species1_far_0.png[39m[0m
EditorFileSystem: "res://world/visuals/voxel/textures/white_01.png" import took 0 ms.
EditorFileSystem: Importing file: res://assets/packs/temperate_forest_v1/environment/benchmark_v2/fern_cluster_v2_far_0.png
[  28% ] [90m[1mreimport[22m | sand_01.png[39m[0m
EditorFileSystem: "res://world/visuals/voxel/textures/stone_01.png" import took 1 ms.
EditorFileSystem: Importing file: res://assets/packs/temperate_forest_v1/environment/benchmark_v2/fern_cluster_v2_mid_0.png
[  28% ] [90m[1mreimport[22m | ancient_oak_v2_near_0.png[39m[0m
EditorFileSystem: "res://assets/packs/temperate_forest_v1/environment/benchmark_v2/ancient_oak_v2_mid_0.png" import took 2 ms.
[  28% ] [90m[1mreimport[22m | stone_01.png[39m[0m
EditorFileSystem: Importing file: res://ui/discovery/icons/flight.svg
EditorFileSystem: "res://assets/packs/temperate_forest_v1/environment/benchmark_v2/ancient_oak_v2_far_0.png" import took 1 ms.
EditorFileSystem: Importing file: res://ui/discovery/icons/diet_meat.svg
[  29% ] [90m[1mreimport[22m | ancient_oak_v2_mid_0.png[39m[0m
EditorFileSystem: "res://ui/discovery/icons/diet_plant.svg" import took 1 ms.
EditorFileSystem: Importing file: res://assets/packs/temperate_forest_v1/environment/benchmark_v2/dense_bush_v2_species2_near_0.png
[  29% ] [90m[1mreimport[22m | white_01.png[39m[0m
EditorFileSystem: "res://assets/packs/temperate_forest_v1/environment/benchmark_v2/fern_cluster_v2_far_0.png" import took 2 ms.
EditorFileSystem: "res://assets/packs/temperate_forest_v1/environment/benchmark_v2/fern_cluster_v2_mid_0.png" import took 1 ms.
EditorFileSystem: Importing file: res://assets/packs/temperate_forest_v1/environment/benchmark_v2/fern_cluster_v2_near_0.png
EditorFileSystem: Importing file: res://ui/discovery/icons/grip.svg
[  30% ] [90m[1mreimport[22m | ancient_oak_v2_far_0.png[39m[0m
[  30% ] [90m[1mreimport[22m | icon.svg[39m[0m
EditorFileSystem: "res://ui/discovery/icons/flight.svg" import took 1 ms.
EditorFileSystem: Importing file: res://ui/discovery/icons/defense.svg
[  30% ] [90m[1mreimport[22m | diet_plant.svg[39m[0m
EditorFileSystem: "res://ui/discovery/icons/diet_meat.svg" import took 1 ms.
EditorFileSystem: Importing file: res://assets/packs/temperate_forest_v1/environment/benchmark_v2/dense_bush_v2_species2_mid_0.png
[  31% ] [90m[1mreimport[22m | fern_cluster_v2_far_0.png[39m[0m
EditorFileSystem: "res://assets/packs/temperate_forest_v1/environment/benchmark_v2/dense_bush_v2_species2_near_0.png" import took 2 ms.
EditorFileSystem: Importing file: res://assets/packs/temperate_forest_v1/environment/benchmark_v2/fern_cluster_v2_species1_far_0.png
[  31% ] [90m[1mreimport[22m | fern_cluster_v2_mid_0.png[39m[0m
EditorFileSystem: "res://icon.svg" import took 3 ms.
EditorFileSystem: Importing file: res://ui/discovery/icons/attack.svg
[  32% ] [90m[1mreimport[22m | flight.svg[39m[0m
EditorFileSystem: "res://ui/discovery/icons/grip.svg" import took 2 ms.
EditorFileSystem: Importing file: res://assets/packs/temperate_forest_v1/environment/benchmark_v2/dense_bush_v2_species1_near_0.png
[  32% ] [90m[1mreimport[22m | diet_meat.svg[39m[0m
EditorFileSystem: "res://assets/packs/temperate_forest_v1/environment/benchmark_v2/fern_cluster_v2_near_0.png" import took 2 ms.
EditorFileSystem: Importing file: res://ui/discovery/icons/hunger_drain.svg
EditorFileSystem: "res://ui/discovery/icons/defense.svg" import took 2 ms.
EditorFileSystem: Importing file: res://assets/packs/temperate_forest_v1/environment/benchmark_v2/dense_bush_v2_species2_far_0.png
EditorFileSystem: "res://ui/discovery/icons/attack.svg" import took 1 ms.
EditorFileSystem: Importing file: res://ui/discovery/icons/health.svg
EditorFileSystem: "res://assets/packs/temperate_forest_v1/environment/benchmark_v2/dense_bush_v2_species2_mid_0.png" import took 2 ms.
[  32% ] [90m[1mreimport[22m | dense_bush_v2_species2_near_0.png[39m[0m
[  33% ] [90m[1mreimport[22m | fern_cluster_v2_near_0.png[39m[0m
[  33% ] [90m[1mreimport[22m | grip.svg[39m[0m
[  34% ] [90m[1mreimport[22m | defense.svg[39m[0m
EditorFileSystem: "res://assets/packs/temperate_forest_v1/environment/benchmark_v2/fern_cluster_v2_species1_far_0.png" import took 4 ms.
[  34% ] [90m[1mreimport[22m | dense_bush_v2_species2_mid_0.png[39m[0m
EditorFileSystem: "res://ui/discovery/icons/hunger_drain.svg" import took 3 ms.
EditorFileSystem: "res://ui/discovery/icons/health.svg" import took 3 ms.
EditorFileSystem: "res://assets/packs/temperate_forest_v1/environment/benchmark_v2/dense_bush_v2_species1_near_0.png" import took 3 ms.
[  34% ] [90m[1mreimport[22m | fern_cluster_v2_species1_far_0.png[39m[0m
[  35% ] [90m[1mreimport[22m | attack.svg[39m[0m
[  35% ] [90m[1mreimport[22m | dense_bush_v2_species1_near_0.png[39m[0m
EditorFileSystem: "res://assets/packs/temperate_forest_v1/environment/benchmark_v2/dense_bush_v2_species2_far_0.png" import took 3 ms.
EditorFileSystem: Importing file: res://audio/assets/creatures/rasp_death_0.wav
EditorFileSystem: Importing file: res://audio/assets/creatures/rasp_contact_1.wav
EditorFileSystem: Importing file: res://audio/assets/actions/gather_1.wav
[  36% ] [90m[1mreimport[22m | danger.ogg[39m[0m
EditorFileSystem: Importing file: res://audio/assets/actions/gather_2.wav
EditorFileSystem: Importing file: res://audio/assets/creatures/rasp_contact_0.wav
EditorFileSystem: Importing file: res://audio/assets/creatures/chirp_attack_0.wav
EditorFileSystem: "res://audio/assets/creatures/chirp_attack_0.wav" import took 2 ms.
EditorFileSystem: Importing file: res://audio/assets/creatures/rasp_attack_1.wav
[  36% ] [90m[1mreimport[22m | exploration.ogg[39m[0m
EditorFileSystem: "res://audio/assets/actions/gather_1.wav" import took 3 ms.
EditorFileSystem: Importing file: res://audio/assets/creatures/rasp_attack_0.wav
[  36% ] [90m[1mreimport[22m | menu.ogg[39m[0m
EditorFileSystem: "res://audio/assets/actions/gather_2.wav" import took 3 ms.
EditorFileSystem: Importing file: res://audio/assets/creatures/chirp_friend_0.wav
[  37% ] [90m[1mreimport[22m | grass_tuft_v2_species1_near_0.png[39m[0m
EditorFileSystem: "res://audio/assets/creatures/rasp_contact_0.wav" import took 2 ms.
EditorFileSystem: Importing file: res://audio/assets/creatures/chirp_attack_1.wav
[  37% ] [90m[1mreimport[22m | grass_tuft_v2_species1_mid_0.png[39m[0m
EditorFileSystem: "res://audio/assets/creatures/rasp_contact_1.wav" import took 3 ms.
EditorFileSystem: Importing file: res://audio/assets/creatures/chirp_warn_1.wav
[  38% ] [90m[1mreimport[22m | grass_tuft_v2_species1_far_0.png[39m[0m
EditorFileSystem: "res://audio/assets/creatures/rasp_death_0.wav" import took 4 ms.
EditorFileSystem: Importing file: res://audio/assets/creatures/chirp_contact_0.wav
EditorFileSystem: "res://audio/assets/creatures/rasp_attack_1.wav" import took 1 ms.
EditorFileSystem: Importing file: res://audio/assets/creatures/chirp_warn_0.wav
EditorFileSystem: "res://audio/assets/creatures/rasp_attack_0.wav" import took 2 ms.
EditorFileSystem: Importing file: res://audio/assets/creatures/chirp_contact_1.wav
EditorFileSystem: "res://audio/assets/creatures/chirp_attack_1.wav" import took 2 ms.
EditorFileSystem: Importing file: res://audio/assets/creatures/chirp_friend_1.wav
[  38% ] [90m[1mreimport[22m | grass_tuft_v2_near_0.png[39m[0m
[  39% ] [90m[1mreimport[22m | grass_tuft_v2_mid_0.png[39m[0m
[  39% ] [90m[1mreimport[22m | grass_tuft_v2_far_0.png[39m[0m
[  39% ] [90m[1mreimport[22m | flower_cluster_v2_species2_near_0.png[39m[0m
EditorFileSystem: "res://audio/assets/creatures/chirp_friend_0.wav" import took 3 ms.
EditorFileSystem: Importing file: res://audio/assets/creatures/chirp_hurt_1.wav
[  40% ] [90m[1mreimport[22m | flower_cluster_v2_species2_mid_0.png[39m[0m
EditorFileSystem: "res://audio/assets/creatures/chirp_contact_1.wav" import took 2 ms.
EditorFileSystem: Importing file: res://audio/assets/creatures/chirp_hurt_0.wav
[  40% ] [90m[1mreimport[22m | flower_cluster_v2_species2_far_0.png[39m[0m
EditorFileSystem: "res://audio/assets/creatures/chirp_contact_0.wav" import took 6 ms.
EditorFileSystem: Importing file: res://audio/assets/creatures/chirp_death_0.wav
[  41% ] [90m[1mreimport[22m | flower_cluster_v2_species1_near_0.png[39m[0m
EditorFileSystem: "res://audio/assets/creatures/chirp_hurt_1.wav" import took 4 ms.
EditorFileSystem: Importing file: res://audio/assets/creatures/chirp_death_1.wav
[  41% ] [90m[1mreimport[22m | flower_cluster_v2_species1_mid_0.png[39m[0m
EditorFileSystem: "res://audio/assets/creatures/chirp_warn_1.wav" import took 8 ms.
EditorFileSystem: Importing file: res://audio/assets/interface/scan_abort.wav
[  41% ] [90m[1mreimport[22m | flower_cluster_v2_species1_far_0.png[39m[0m
EditorFileSystem: "res://audio/assets/creatures/chirp_friend_1.wav" import took 6 ms.
EditorFileSystem: Importing file: res://audio/assets/interface/order_wait.wav
EditorFileSystem: "res://audio/assets/creatures/chirp_hurt_0.wav" import took 4 ms.
[  42% ] [90m[1mreimport[22m | flower_cluster_v2_near_0.png[39m[0m
EditorFileSystem: Importing file: res://audio/assets/interface/order_reject.wav
[  42% ] [90m[1mreimport[22m | flower_cluster_v2_mid_0.png[39m[0m
EditorFileSystem: "res://audio/assets/creatures/chirp_warn_0.wav" import took 6 ms.
EditorFileSystem: Importing file: res://audio/assets/interface/order_move.wav
[  43% ] [90m[1mreimport[22m | flower_cluster_v2_far_0.png[39m[0m
EditorFileSystem: "res://audio/assets/interface/scan_abort.wav" import took 1 ms.
EditorFileSystem: Importing file: res://audio/assets/interface/order_gather.wav
[  43% ] [90m[1mreimport[22m | fern_cluster_v2_species2_near_0.png[39m[0m
EditorFileSystem: "res://audio/assets/interface/order_wait.wav" import took 1 ms.
EditorFileSystem: Importing file: res://audio/assets/interface/order_feed.wav
[  43% ] [90m[1mreimport[22m | fern_cluster_v2_species2_mid_0.png[39m[0m
EditorFileSystem: "res://audio/assets/interface/order_reject.wav" import took 1 ms.
EditorFileSystem: Importing file: res://audio/assets/interface/order_build.wav
[  44% ] [90m[1mreimport[22m | fern_cluster_v2_species2_far_0.png[39m[0m
EditorFileSystem: "res://audio/assets/interface/order_move.wav" import took 1 ms.
EditorFileSystem: Importing file: res://audio/assets/interface/order_attack.wav
[  44% ] [90m[1mreimport[22m | fern_cluster_v2_species1_near_0.png[39m[0m
EditorFileSystem: "res://audio/assets/creatures/chirp_death_0.wav" import took 3 ms.
EditorFileSystem: Importing file: res://audio/assets/creatures/throat_warn_1.wav
EditorFileSystem: "res://audio/assets/interface/order_feed.wav" import took 1 ms.
EditorFileSystem: Importing file: res://audio/assets/creatures/throat_warn_0.wav
[  45% ] [90m[1mreimport[22m | fern_cluster_v2_species1_mid_0.png[39m[0m
EditorFileSystem: "res://audio/assets/interface/order_build.wav" import took 1 ms.
EditorFileSystem: "res://audio/assets/interface/order_gather.wav" import took 1 ms.
EditorFileSystem: "res://audio/assets/interface/order_attack.wav" import took 1 ms.
EditorFileSystem: Importing file: res://audio/assets/creatures/throat_hurt_1.wav
[  45% ] [90m[1mreimport[22m | tall_pine_v2_species2_near_0.png[39m[0m
EditorFileSystem: Importing file: res://audio/assets/creatures/throat_friend_1.wav
EditorFileSystem: Importing file: res://audio/assets/creatures/throat_hurt_0.wav
[  45% ] [90m[1mreimport[22m | tall_pine_v2_species2_mid_0.png[39m[0m
[  46% ] [90m[1mreimport[22m | tall_pine_v2_species2_far_0.png[39m[0m
[  46% ] [90m[1mreimport[22m | tall_pine_v2_species1_near_0.png[39m[0m
EditorFileSystem: "res://audio/assets/creatures/chirp_death_1.wav" import took 5 ms.
EditorFileSystem: "res://audio/assets/creatures/throat_hurt_0.wav" import took 1 ms.
[  47% ] [90m[1mreimport[22m | tall_pine_v2_species1_mid_0.png[39m[0m
EditorFileSystem: Importing file: res://audio/assets/creatures/throat_friend_0.wav
EditorFileSystem: "res://audio/assets/creatures/throat_hurt_1.wav" import took 1 ms.
EditorFileSystem: Importing file: res://audio/assets/creatures/throat_death_1.wav
[  47% ] [90m[1mreimport[22m | tall_pine_v2_species1_far_0.png[39m[0m
EditorFileSystem: Importing file: res://audio/assets/creatures/throat_death_0.wav
[  47% ] [90m[1mreimport[22m | tall_pine_v2_near_0.png[39m[0m
EditorFileSystem: "res://audio/assets/creatures/throat_friend_1.wav" import took 2 ms.
EditorFileSystem: Importing file: res://audio/assets/creatures/throat_contact_1.wav
[  48% ] [90m[1mreimport[22m | tall_pine_v2_mid_0.png[39m[0m
EditorFileSystem: "res://audio/assets/creatures/throat_warn_0.wav" import took 3 ms.
EditorFileSystem: "res://audio/assets/creatures/throat_warn_1.wav" import took 3 ms.
EditorFileSystem: Importing file: res://audio/assets/creatures/throat_contact_0.wav
[  48% ] [90m[1mreimport[22m | tall_pine_v2_far_0.png[39m[0m
EditorFileSystem: Importing file: res://audio/assets/creatures/throat_attack_1.wav
[  49% ] [90m[1mreimport[22m | layered_rock_v2_species2_near_0.png[39m[0m
EditorFileSystem: "res://audio/assets/creatures/throat_friend_0.wav" import took 3 ms.
EditorFileSystem: Importing file: res://audio/assets/creatures/throat_attack_0.wav
[  49% ] [90m[1mreimport[22m | layered_rock_v2_species2_mid_0.png[39m[0m
EditorFileSystem: "res://audio/assets/creatures/throat_contact_1.wav" import took 2 ms.
EditorFileSystem: Importing file: res://audio/assets/creatures/rasp_warn_1.wav
[  50% ] [90m[1mreimport[22m | layered_rock_v2_species2_far_0.png[39m[0m
EditorFileSystem: "res://audio/assets/creatures/throat_attack_1.wav" import took 2 ms.
EditorFileSystem: Importing file: res://audio/assets/creatures/rasp_warn_0.wav
[  50% ] [90m[1mreimport[22m | layered_rock_v2_species1_near_0.png[39m[0m
EditorFileSystem: "res://audio/assets/creatures/throat_contact_0.wav" import took 2 ms.
EditorFileSystem: Importing file: res://audio/assets/creatures/rasp_hurt_1.wav
EditorFileSystem: "res://audio/assets/creatures/throat_death_0.wav" import took 2 ms.
[  50% ] [90m[1mreimport[22m | layered_rock_v2_species1_mid_0.png[39m[0m
EditorFileSystem: Importing file: res://audio/assets/creatures/rasp_hurt_0.wav
[  51% ] [90m[1mreimport[22m | layered_rock_v2_species1_far_0.png[39m[0m
EditorFileSystem: "res://audio/assets/creatures/throat_death_1.wav" import took 4 ms.
EditorFileSystem: Importing file: res://audio/assets/creatures/rasp_friend_1.wav
[  51% ] [90m[1mreimport[22m | layered_rock_v2_near_0.png[39m[0m
EditorFileSystem: "res://audio/assets/creatures/throat_attack_0.wav" import took 1 ms.
EditorFileSystem: Importing file: res://audio/assets/creatures/rasp_friend_0.wav
[  52% ] [90m[1mreimport[22m | layered_rock_v2_mid_0.png[39m[0m
EditorFileSystem: "res://audio/assets/creatures/rasp_hurt_1.wav" import took 2 ms.
EditorFileSystem: Importing file: res://audio/assets/creatures/rasp_death_1.wav
[  52% ] [90m[1mreimport[22m | layered_rock_v2_far_0.png[39m[0m
EditorFileSystem: "res://audio/assets/creatures/rasp_hurt_0.wav" import took 2 ms.
EditorFileSystem: Importing file: res://audio/assets/underwater_bubbles_2.wav
[  52% ] [90m[1mreimport[22m | grass_tuft_v2_species2_near_0.png[39m[0m
EditorFileSystem: "res://audio/assets/creatures/rasp_friend_1.wav" import took 2 ms.
EditorFileSystem: Importing file: res://audio/assets/step_grass_1.wav
[  53% ] [90m[1mreimport[22m | grass_tuft_v2_species2_mid_0.png[39m[0m
EditorFileSystem: "res://audio/assets/creatures/rasp_warn_0.wav" import took 3 ms.
EditorFileSystem: Importing file: res://audio/assets/step_grass_2.wav
[  53% ] [90m[1mreimport[22m | grass_tuft_v2_species2_far_0.png[39m[0m
EditorFileSystem: "res://audio/assets/creatures/rasp_warn_1.wav" import took 3 ms.
EditorFileSystem: Importing file: res://audio/assets/underwater_bubbles_1.wav
[  54% ] [90m[1mreimport[22m | jump.svg[39m[0m
EditorFileSystem: "res://audio/assets/underwater_bubbles_2.wav" import took 2 ms.
EditorFileSystem: Importing file: res://audio/assets/step_sand_0.wav
[  54% ] [90m[1mreimport[22m | dense_bush_v2_species1_mid_0.png[39m[0m
EditorFileSystem: "res://audio/assets/step_grass_2.wav" import took 2 ms.
EditorFileSystem: Importing file: res://audio/assets/step_sand_1.wav
[  54% ] [90m[1mreimport[22m | perception.svg[39m[0m
EditorFileSystem: "res://audio/assets/step_grass_1.wav" import took 2 ms.
EditorFileSystem: "res://audio/assets/creatures/rasp_friend_0.wav" import took 4 ms.
[  55% ] [90m[1mreimport[22m | dense_bush_v2_species1_far_0.png[39m[0m
EditorFileSystem: Importing file: res://audio/assets/underwater_bubbles_0.wav
EditorFileSystem: Importing file: res://audio/assets/step_sand_2.wav
[  55% ] [90m[1mreimport[22m | speed.svg[39m[0m
EditorFileSystem: "res://audio/assets/underwater_bubbles_1.wav" import took 2 ms.
EditorFileSystem: Importing file: res://audio/assets/step_snow_0.wav
[  56% ] [90m[1mreimport[22m | dense_bush_v2_near_0.png[39m[0m
EditorFileSystem: "res://audio/assets/step_sand_0.wav" import took 1 ms.
EditorFileSystem: Importing file: res://audio/assets/ui_confirm.wav
[  56% ] [90m[1mreimport[22m | swim.svg[39m[0m
EditorFileSystem: "res://audio/assets/step_sand_1.wav" import took 1 ms.
EditorFileSystem: "res://audio/assets/creatures/rasp_death_1.wav" import took 3 ms.
EditorFileSystem: Importing file: res://audio/assets/step_snow_1.wav
EditorFileSystem: Importing file: res://audio/assets/step_snow_2.wav
[  56% ] [90m[1mreimport[22m | dense_bush_v2_mid_0.png[39m[0m
[  57% ] [90m[1mreimport[22m | thirst.svg[39m[0m
EditorFileSystem: "res://audio/assets/step_sand_2.wav" import took 2 ms.
EditorFileSystem: Importing file: res://audio/assets/ui_back.wav
[  57% ] [90m[1mreimport[22m | dense_bush_v2_far_0.png[39m[0m
EditorFileSystem: "res://audio/assets/underwater_bubbles_0.wav" import took 2 ms.
EditorFileSystem: Importing file: res://audio/assets/step_stone_0.wav
[  58% ] [90m[1mreimport[22m | bark_01.png[39m[0m
EditorFileSystem: "res://audio/assets/step_snow_0.wav" import took 2 ms.
EditorFileSystem: Importing file: res://audio/assets/step_stone_1.wav
[  58% ] [90m[1mreimport[22m | ancient_oak_v2_species2_near_0.png[39m[0m
EditorFileSystem: "res://audio/assets/ui_confirm.wav" import took 2 ms.
EditorFileSystem: Importing file: res://audio/assets/swim.wav
[  58% ] [90m[1mreimport[22m | dirt_01.png[39m[0m
EditorFileSystem: "res://audio/assets/step_snow_1.wav" import took 2 ms.
EditorFileSystem: "res://audio/assets/step_snow_2.wav" import took 2 ms.
EditorFileSystem: Importing file: res://audio/assets/step_stone_2.wav
EditorFileSystem: Importing file: res://audio/assets/step_water_0.wav
[  59% ] [90m[1mreimport[22m | ancient_oak_v2_species2_mid_0.png[39m[0m
[  59% ] [90m[1mreimport[22m | grass_01.png[39m[0m
EditorFileSystem: "res://audio/assets/step_stone_0.wav" import took 1 ms.
EditorFileSystem: Importing file: res://audio/assets/step_wood_2.wav
[  60% ] [90m[1mreimport[22m | ancient_oak_v2_species2_far_0.png[39m[0m
EditorFileSystem: "res://audio/assets/step_stone_1.wav" import took 2 ms.
EditorFileSystem: Importing file: res://audio/assets/step_water_1.wav
[  60% ] [90m[1mreimport[22m | leaves_01.png[39m[0m
EditorFileSystem: "res://audio/assets/swim.wav" import took 2 ms.
EditorFileSystem: Importing file: res://audio/assets/step_water_2.wav
[  60% ] [90m[1mreimport[22m | ancient_oak_v2_species1_near_0.png[39m[0m
EditorFileSystem: "res://audio/assets/step_stone_2.wav" import took 2 ms.
EditorFileSystem: Importing file: res://audio/assets/step_wood_1.wav
[  61% ] [90m[1mreimport[22m | nest_fiber_01.png[39m[0m
EditorFileSystem: "res://audio/assets/step_wood_2.wav" import took 1 ms.
EditorFileSystem: Importing file: res://audio/assets/step_wood_0.wav
[  61% ] [90m[1mreimport[22m | ancient_oak_v2_species1_mid_0.png[39m[0m
EditorFileSystem: "res://audio/assets/step_water_0.wav" import took 2 ms.
EditorFileSystem: Importing file: res://audio/assets/actions/gather_0.wav
[  62% ] [90m[1mreimport[22m | ruin_stone_01.png[39m[0m
EditorFileSystem: "res://audio/assets/step_water_1.wav" import took 1 ms.
EditorFileSystem: Importing file: res://audio/assets/actions/evolve_2.wav
[  62% ] [90m[1mreimport[22m | ancient_oak_v2_species1_far_0.png[39m[0m
EditorFileSystem: "res://audio/assets/ui_back.wav" import took 4 ms.
EditorFileSystem: Importing file: res://audio/assets/actions/evolve_1.wav
[  63% ] [90m[1mreimport[22m | sand_01.png[39m[0m
EditorFileSystem: "res://audio/assets/step_wood_1.wav" import took 2 ms.
EditorFileSystem: Importing file: res://audio/assets/actions/evolve_0.wav
[  63% ] [90m[1mreimport[22m | ancient_oak_v2_near_0.png[39m[0m
EditorFileSystem: "res://audio/assets/step_wood_0.wav" import took 2 ms.
EditorFileSystem: "res://audio/assets/step_water_2.wav" import took 2 ms.
EditorFileSystem: Importing file: res://audio/assets/actions/eat_2.wav
EditorFileSystem: Importing file: res://audio/assets/actions/eat_1.wav
[  63% ] [90m[1mreimport[22m | stone_01.png[39m[0m
[  64% ] [90m[1mreimport[22m | ancient_oak_v2_mid_0.png[39m[0m
EditorFileSystem: "res://audio/assets/actions/gather_0.wav" import took 2 ms.
EditorFileSystem: Importing file: res://audio/assets/actions/eat_0.wav
[  64% ] [90m[1mreimport[22m | white_01.png[39m[0m
EditorFileSystem: "res://audio/assets/actions/eat_1.wav" import took 2 ms.
EditorFileSystem: Importing file: res://audio/assets/actions/drink_2.wav
[  65% ] [90m[1mreimport[22m | ancient_oak_v2_far_0.png[39m[0m
EditorFileSystem: "res://audio/assets/actions/eat_2.wav" import took 2 ms.
EditorFileSystem: Importing file: res://audio/assets/actions/drink_1.wav
EditorFileSystem: "res://audio/assets/actions/eat_0.wav" import took 2 ms.
[  65% ] [90m[1mreimport[22m | icon.svg[39m[0m
EditorFileSystem: Importing file: res://audio/assets/actions/drink_0.wav
[  65% ] [90m[1mreimport[22m | diet_plant.svg[39m[0m
EditorFileSystem: "res://audio/assets/actions/evolve_2.wav" import took 6 ms.
EditorFileSystem: Importing file: res://audio/assets/interface/scan_acquire.wav
[  66% ] [90m[1mreimport[22m | fern_cluster_v2_far_0.png[39m[0m
EditorFileSystem: "res://audio/assets/actions/evolve_0.wav" import took 4 ms.
EditorFileSystem: Importing file: res://audio/assets/interface/scan_loop.wav
[  66% ] [90m[1mreimport[22m | fern_cluster_v2_mid_0.png[39m[0m
EditorFileSystem: "res://audio/assets/interface/scan_acquire.wav" import took 1 ms.
EditorFileSystem: Importing file: res://audio/assets/wind_loop.wav
[  67% ] [90m[1mreimport[22m | flight.svg[39m[0m
EditorFileSystem: "res://audio/assets/actions/evolve_1.wav" import took 6 ms.
EditorFileSystem: Importing file: res://audio/assets/water_surface.wav
[  67% ] [90m[1mreimport[22m | diet_meat.svg[39m[0m
EditorFileSystem: "res://audio/assets/actions/drink_2.wav" import took 3 ms.
EditorFileSystem: Importing file: res://audio/assets/water_loop.wav
[  67% ] [90m[1mreimport[22m | dense_bush_v2_species2_near_0.png[39m[0m
EditorFileSystem: "res://audio/assets/actions/drink_1.wav" import took 4 ms.
EditorFileSystem: Importing file: res://audio/assets/water_exit.wav
[  68% ] [90m[1mreimport[22m | fern_cluster_v2_near_0.png[39m[0m
EditorFileSystem: "res://audio/assets/actions/drink_0.wav" import took 4 ms.
EditorFileSystem: Importing file: res://audio/assets/discovery.wav
[  68% ] [90m[1mreimport[22m | grip.svg[39m[0m
EditorFileSystem: "res://audio/assets/interface/scan_loop.wav" import took 3 ms.
EditorFileSystem: Importing file: res://audio/assets/foliage_loop.wav
[  69% ] [90m[1mreimport[22m | defense.svg[39m[0m
EditorFileSystem: "res://audio/assets/water_exit.wav" import took 1 ms.
EditorFileSystem: Importing file: res://audio/assets/water_dive.wav
[  69% ] [90m[1mreimport[22m | dense_bush_v2_species2_mid_0.png[39m[0m
EditorFileSystem: "res://audio/assets/discovery.wav" import took 2 ms.
EditorFileSystem: Importing file: res://audio/assets/jump.wav
[  69% ] [90m[1mreimport[22m | fern_cluster_v2_species1_far_0.png[39m[0m
EditorFileSystem: "res://audio/assets/water_surface.wav" import took 3 ms.
EditorFileSystem: Importing file: res://audio/assets/land.wav
[  70% ] [90m[1mreimport[22m | attack.svg[39m[0m
EditorFileSystem: "res://audio/assets/jump.wav" import took 1 ms.
EditorFileSystem: Importing file: res://audio/assets/underwater_loop.wav
[  70% ] [90m[1mreimport[22m | dense_bush_v2_species1_near_0.png[39m[0m
EditorFileSystem: "res://audio/assets/water_dive.wav" import took 2 ms.
EditorFileSystem: Importing file: res://audio/assets/splash.wav
[  71% ] [90m[1mreimport[22m | hunger_drain.svg[39m[0m
EditorFileSystem: "res://audio/assets/land.wav" import took 2 ms.
EditorFileSystem: Importing file: res://audio/assets/step_grass_0.wav
[  71% ] [90m[1mreimport[22m | dense_bush_v2_species2_far_0.png[39m[0m
EditorFileSystem: "res://audio/assets/step_grass_0.wav" import took 1 ms.
[  71% ] [90m[1mreimport[22m | health.svg[39m[0m
EditorFileSystem: "res://audio/assets/splash.wav" import took 3 ms.
[  72% ] [90m[1mreimport[22m | rasp_death_0.wav[39m[0m
EditorFileSystem: "res://audio/assets/water_loop.wav" import took 14 ms.
[  72% ] [90m[1mreimport[22m | gather_1.wav[39m[0m
EditorFileSystem: "res://audio/assets/wind_loop.wav" import took 23 ms.
[  73% ] [90m[1mreimport[22m | rasp_contact_1.wav[39m[0m
EditorFileSystem: "res://audio/assets/underwater_loop.wav" import took 20 ms.
[  73% ] [90m[1mreimport[22m | rasp_contact_0.wav[39m[0m
EditorFileSystem: "res://audio/assets/foliage_loop.wav" import took 40 ms.
[  73% ] [90m[1mreimport[22m | flower_cluster_v2_species1_far.glb[39m[0m
EditorFileSystem: Importing file: res://assets/packs/temperate_forest_v1/environment/benchmark_v2/flower_cluster_v2_species1_far.glb
[   0% ] [90m[1mimport[22m | Started Import Scene (104 steps)[39m[0m
[   0% ] [90m[1mimport[22m | Importing Scene...[39m[0m
glTF: Total buffers: 1
glTF: Total buffer views: 5
glTF: Total accessors: 4
Loading resource: res://assets/packs/temperate_forest_v1/environment/benchmark_v2/flower_cluster_v2_species1_far_0.png
Loading resource: res://.godot/imported/flower_cluster_v2_species1_far_0.png-a33ddbf3ac4392173d74bb53b99c2836.ctex
glTF: Total images: 1
Total materials: 1
glTF: Parsing mesh: 0
WARNING: glTF import: Buffer view byte stride should be declared for vertex attributes. Assuming packed data and reading anyway.
WARNING: glTF import: Buffer view byte stride should be declared for vertex attributes. Assuming packed data and reading anyway.
WARNING: glTF import: Buffer view byte stride should be declared for vertex attributes. Assuming packed data and reading anyway.
WARNING: glTF import: Buffer view byte stride should be declared for vertex attributes. Assuming packed data and reading anyway.
glTF: Total meshes: 1
glTF: Creating mesh for: flower_cluster_v2_species1_far
[   1% ] [90m[1mimport[22m | Running Custom Script...[39m[0m
[  99% ] [90m[1mimport[22m | Saving...[39m[0m
Saving scene to: res://.godot/imported/flower_cluster_v2_species1_far.glb-160ce62a33715e03f553b5407970bf39.scn
[92m[ DONE ][39m [1mimport[22m
[0m
EditorFileSystem: "res://assets/packs/temperate_forest_v1/environment/benchmark_v2/flower_cluster_v2_species1_far.glb" import took 5 ms.
[  74% ] [90m[1mreimport[22m | flower_cluster_v2_near.glb[39m[0m
EditorFileSystem: Importing file: res://assets/packs/temperate_forest_v1/environment/benchmark_v2/flower_cluster_v2_near.glb
[   0% ] [90m[1mimport[22m | Started Import Scene (104 steps)[39m[0m
[   0% ] [90m[1mimport[22m | Importing Scene...[39m[0m
glTF: Total buffers: 1
glTF: Total buffer views: 5
glTF: Total accessors: 4
Loading resource: res://assets/packs/temperate_forest_v1/environment/benchmark_v2/flower_cluster_v2_near_0.png
Loading resource: res://.godot/imported/flower_cluster_v2_near_0.png-a9d49f522a30d29483c6f36641db3058.ctex
glTF: Total images: 1
Total materials: 1
glTF: Parsing mesh: 0
WARNING: glTF import: Buffer view byte stride should be declared for vertex attributes. Assuming packed data and reading anyway.
WARNING: glTF import: Buffer view byte stride should be declared for vertex attributes. Assuming packed data and reading anyway.
WARNING: glTF import: Buffer view byte stride should be declared for vertex attributes. Assuming packed data and reading anyway.
WARNING: glTF import: Buffer view byte stride should be declared for vertex attributes. Assuming packed data and reading anyway.
glTF: Total meshes: 1
glTF: Creating mesh for: flower_cluster_v2_near
[   1% ] [90m[1mimport[22m | Running Custom Script...[39m[0m
[  99% ] [90m[1mimport[22m | Saving...[39m[0m
Saving scene to: res://.godot/imported/flower_cluster_v2_near.glb-c59391b250de0cdda204bc90af251d3d.scn
[92m[ DONE ][39m [1mimport[22m
[0m
EditorFileSystem: "res://assets/packs/temperate_forest_v1/environment/benchmark_v2/flower_cluster_v2_near.glb" import took 27 ms.
[  74% ] [90m[1mreimport[22m | flower_cluster_v2_mid.glb[39m[0m
EditorFileSystem: Importing file: res://assets/packs/temperate_forest_v1/environment/benchmark_v2/flower_cluster_v2_mid.glb
[   0% ] [90m[1mimport[22m | Started Import Scene (104 steps)[39m[0m
[   0% ] [90m[1mimport[22m | Importing Scene...[39m[0m
glTF: Total buffers: 1
glTF: Total buffer views: 5
glTF: Total accessors: 4
Loading resource: res://assets/packs/temperate_forest_v1/environment/benchmark_v2/flower_cluster_v2_mid_0.png
Loading resource: res://.godot/imported/flower_cluster_v2_mid_0.png-67d5741b22b5d9c310c506474752b85c.ctex
glTF: Total images: 1
Total materials: 1
glTF: Parsing mesh: 0
WARNING: glTF import: Buffer view byte stride should be declared for vertex attributes. Assuming packed data and reading anyway.
WARNING: glTF import: Buffer view byte stride should be declared for vertex attributes. Assuming packed data and reading anyway.
WARNING: glTF import: Buffer view byte stride should be declared for vertex attributes. Assuming packed data and reading anyway.
WARNING: glTF import: Buffer view byte stride should be declared for vertex attributes. Assuming packed data and reading anyway.
glTF: Total meshes: 1
glTF: Creating mesh for: flower_cluster_v2_mid
[   1% ] [90m[1mimport[22m | Running Custom Script...[39m[0m
[  99% ] [90m[1mimport[22m | Saving...[39m[0m
Saving scene to: res://.godot/imported/flower_cluster_v2_mid.glb-323c3fce0da8e2d426b5e5b2db3c82c3.scn
[92m[ DONE ][39m [1mimport[22m
[0m
EditorFileSystem: "res://assets/packs/temperate_forest_v1/environment/benchmark_v2/flower_cluster_v2_mid.glb" import took 10 ms.
[  75% ] [90m[1mreimport[22m | flower_cluster_v2_far.glb[39m[0m
EditorFileSystem: Importing file: res://assets/packs/temperate_forest_v1/environment/benchmark_v2/flower_cluster_v2_far.glb
[   0% ] [90m[1mimport[22m | Started Import Scene (104 steps)[39m[0m
[   0% ] [90m[1mimport[22m | Importing Scene...[39m[0m
glTF: Total buffers: 1
glTF: Total buffer views: 5
glTF: Total accessors: 4
Loading resource: res://assets/packs/temperate_forest_v1/environment/benchmark_v2/flower_cluster_v2_far_0.png
Loading resource: res://.godot/imported/flower_cluster_v2_far_0.png-daed37fe148391e346e5ad6bf1fc9066.ctex
glTF: Total images: 1
Total materials: 1
glTF: Parsing mesh: 0
WARNING: glTF import: Buffer view byte stride should be declared for vertex attributes. Assuming packed data and reading anyway.
WARNING: glTF import: Buffer view byte stride should be declared for vertex attributes. Assuming packed data and reading anyway.
WARNING: glTF import: Buffer view byte stride should be declared for vertex attributes. Assuming packed data and reading anyway.
WARNING: glTF import: Buffer view byte stride should be declared for vertex attributes. Assuming packed data and reading anyway.
glTF: Total meshes: 1
glTF: Creating mesh for: flower_cluster_v2_far
[   1% ] [90m[1mimport[22m | Running Custom Script...[39m[0m
[  99% ] [90m[1mimport[22m | Saving...[39m[0m
Saving scene to: res://.godot/imported/flower_cluster_v2_far.glb-8a5f7de03769e886215bfb6c4d14788f.scn
[92m[ DONE ][39m [1mimport[22m
[0m
EditorFileSystem: "res://assets/packs/temperate_forest_v1/environment/benchmark_v2/flower_cluster_v2_far.glb" import took 3 ms.
[  75% ] [90m[1mreimport[22m | fern_cluster_v2_species2_near.glb[39m[0m
EditorFileSystem: Importing file: res://assets/packs/temperate_forest_v1/environment/benchmark_v2/fern_cluster_v2_species2_near.glb
[   0% ] [90m[1mimport[22m | Started Import Scene (104 steps)[39m[0m
[   0% ] [90m[1mimport[22m | Importing Scene...[39m[0m
glTF: Total buffers: 1
glTF: Total buffer views: 5
glTF: Total accessors: 4
Loading resource: res://assets/packs/temperate_forest_v1/environment/benchmark_v2/fern_cluster_v2_species2_near_0.png
Loading resource: res://.godot/imported/fern_cluster_v2_species2_near_0.png-0998b56a3fba354153932d15fd6526fa.ctex
glTF: Total images: 1
Total materials: 1
glTF: Parsing mesh: 0
WARNING: glTF import: Buffer view byte stride should be declared for vertex attributes. Assuming packed data and reading anyway.
WARNING: glTF import: Buffer view byte stride should be declared for vertex attributes. Assuming packed data and reading anyway.
WARNING: glTF import: Buffer view byte stride should be declared for vertex attributes. Assuming packed data and reading anyway.
WARNING: glTF import: Buffer view byte stride should be declared for vertex attributes. Assuming packed data and reading anyway.
glTF: Total meshes: 1
glTF: Creating mesh for: fern_cluster_v2_species2_near
[   1% ] [90m[1mimport[22m | Running Custom Script...[39m[0m
[  99% ] [90m[1mimport[22m | Saving...[39m[0m
Saving scene to: res://.godot/imported/fern_cluster_v2_species2_near.glb-6d5acf778b5e7d42f3892ed87c2e65ab.scn
[92m[ DONE ][39m [1mimport[22m
[0m
EditorFileSystem: "res://assets/packs/temperate_forest_v1/environment/benchmark_v2/fern_cluster_v2_species2_near.glb" import took 31 ms.
[  76% ] [90m[1mreimport[22m | fern_cluster_v2_species2_mid.glb[39m[0m
EditorFileSystem: Importing file: res://assets/packs/temperate_forest_v1/environment/benchmark_v2/fern_cluster_v2_species2_mid.glb
[   0% ] [90m[1mimport[22m | Started Import Scene (104 steps)[39m[0m
[   0% ] [90m[1mimport[22m | Importing Scene...[39m[0m
glTF: Total buffers: 1
glTF: Total buffer views: 5
glTF: Total accessors: 4
Loading resource: res://assets/packs/temperate_forest_v1/environment/benchmark_v2/fern_cluster_v2_species2_mid_0.png
Loading resource: res://.godot/imported/fern_cluster_v2_species2_mid_0.png-f3540fb30ee5238010714e36f3eac7ab.ctex
glTF: Total images: 1
Total materials: 1
glTF: Parsing mesh: 0
WARNING: glTF import: Buffer view byte stride should be declared for vertex attributes. Assuming packed data and reading anyway.
WARNING: glTF import: Buffer view byte stride should be declared for vertex attributes. Assuming packed data and reading anyway.
WARNING: glTF import: Buffer view byte stride should be declared for vertex attributes. Assuming packed data and reading anyway.
WARNING: glTF import: Buffer view byte stride should be declared for vertex attributes. Assuming packed data and reading anyway.
glTF: Total meshes: 1
glTF: Creating mesh for: fern_cluster_v2_species2_mid
[   1% ] [90m[1mimport[22m | Running Custom Script...[39m[0m
[  99% ] [90m[1mimport[22m | Saving...[39m[0m
Saving scene to: res://.godot/imported/fern_cluster_v2_species2_mid.glb-e82a72abb0f09e19f1368dc73ca4917d.scn
[92m[ DONE ][39m [1mimport[22m
[0m
EditorFileSystem: "res://assets/packs/temperate_forest_v1/environment/benchmark_v2/fern_cluster_v2_species2_mid.glb" import took 11 ms.
[  76% ] [90m[1mreimport[22m | fern_cluster_v2_species2_far.glb[39m[0m
EditorFileSystem: Importing file: res://assets/packs/temperate_forest_v1/environment/benchmark_v2/fern_cluster_v2_species2_far.glb
[   0% ] [90m[1mimport[22m | Started Import Scene (104 steps)[39m[0m
[   0% ] [90m[1mimport[22m | Importing Scene...[39m[0m
glTF: Total buffers: 1
glTF: Total buffer views: 5
glTF: Total accessors: 4
Loading resource: res://assets/packs/temperate_forest_v1/environment/benchmark_v2/fern_cluster_v2_species2_far_0.png
Loading resource: res://.godot/imported/fern_cluster_v2_species2_far_0.png-6a512e2d45af2dbed521f83304887602.ctex
glTF: Total images: 1
Total materials: 1
glTF: Parsing mesh: 0
WARNING: glTF import: Buffer view byte stride should be declared for vertex attributes. Assuming packed data and reading anyway.
WARNING: glTF import: Buffer view byte stride should be declared for vertex attributes. Assuming packed data and reading anyway.
WARNING: glTF import: Buffer view byte stride should be declared for vertex attributes. Assuming packed data and reading anyway.
WARNING: glTF import: Buffer view byte stride should be declared for vertex attributes. Assuming packed data and reading anyway.
glTF: Total meshes: 1
glTF: Creating mesh for: fern_cluster_v2_species2_far
[   1% ] [90m[1mimport[22m | Running Custom Script...[39m[0m
[  99% ] [90m[1mimport[22m | Saving...[39m[0m
Saving scene to: res://.godot/imported/fern_cluster_v2_species2_far.glb-150fb98b8ab3a39f7fb724c7573b6801.scn
[92m[ DONE ][39m [1mimport[22m
[0m
EditorFileSystem: "res://assets/packs/temperate_forest_v1/environment/benchmark_v2/fern_cluster_v2_species2_far.glb" import took 7 ms.
[  76% ] [90m[1mreimport[22m | fern_cluster_v2_species1_near.glb[39m[0m
EditorFileSystem: Importing file: res://assets/packs/temperate_forest_v1/environment/benchmark_v2/fern_cluster_v2_species1_near.glb
[   0% ] [90m[1mimport[22m | Started Import Scene (104 steps)[39m[0m
[   0% ] [90m[1mimport[22m | Importing Scene...[39m[0m
glTF: Total buffers: 1
glTF: Total buffer views: 5
glTF: Total accessors: 4
Loading resource: res://assets/packs/temperate_forest_v1/environment/benchmark_v2/fern_cluster_v2_species1_near_0.png
Loading resource: res://.godot/imported/fern_cluster_v2_species1_near_0.png-91c714923002d949332b15c48044b315.ctex
glTF: Total images: 1
Total materials: 1
glTF: Parsing mesh: 0
WARNING: glTF import: Buffer view byte stride should be declared for vertex attributes. Assuming packed data and reading anyway.
WARNING: glTF import: Buffer view byte stride should be declared for vertex attributes. Assuming packed data and reading anyway.
WARNING: glTF import: Buffer view byte stride should be declared for vertex attributes. Assuming packed data and reading anyway.
WARNING: glTF import: Buffer view byte stride should be declared for vertex attributes. Assuming packed data and reading anyway.
glTF: Total meshes: 1
glTF: Creating mesh for: fern_cluster_v2_species1_near
[   1% ] [90m[1mimport[22m | Running Custom Script...[39m[0m
[  99% ] [90m[1mimport[22m | Saving...[39m[0m
Saving scene to: res://.godot/imported/fern_cluster_v2_species1_near.glb-cc564bf4c674e26c0f579f0f26a9ae1b.scn
[92m[ DONE ][39m [1mimport[22m
[0m
EditorFileSystem: "res://assets/packs/temperate_forest_v1/environment/benchmark_v2/fern_cluster_v2_species1_near.glb" import took 24 ms.
[  77% ] [90m[1mreimport[22m | fern_cluster_v2_species1_mid.glb[39m[0m
EditorFileSystem: Importing file: res://assets/packs/temperate_forest_v1/environment/benchmark_v2/fern_cluster_v2_species1_mid.glb
[   0% ] [90m[1mimport[22m | Started Import Scene (104 steps)[39m[0m
[   0% ] [90m[1mimport[22m | Importing Scene...[39m[0m
glTF: Total buffers: 1
glTF: Total buffer views: 5
glTF: Total accessors: 4
Loading resource: res://assets/packs/temperate_forest_v1/environment/benchmark_v2/fern_cluster_v2_species1_mid_0.png
Loading resource: res://.godot/imported/fern_cluster_v2_species1_mid_0.png-d21ac96b4b5e1a845740466dcefd790c.ctex
glTF: Total images: 1
Total materials: 1
glTF: Parsing mesh: 0
WARNING: glTF import: Buffer view byte stride should be declared for vertex attributes. Assuming packed data and reading anyway.
WARNING: glTF import: Buffer view byte stride should be declared for vertex attributes. Assuming packed data and reading anyway.
WARNING: glTF import: Buffer view byte stride should be declared for vertex attributes. Assuming packed data and reading anyway.
WARNING: glTF import: Buffer view byte stride should be declared for vertex attributes. Assuming packed data and reading anyway.
glTF: Total meshes: 1
glTF: Creating mesh for: fern_cluster_v2_species1_mid
[   1% ] [90m[1mimport[22m | Running Custom Script...[39m[0m
[  99% ] [90m[1mimport[22m | Saving...[39m[0m
Saving scene to: res://.godot/imported/fern_cluster_v2_species1_mid.glb-aa46c6eb52f4120ae06c90d855d20a48.scn
[92m[ DONE ][39m [1mimport[22m
[0m
EditorFileSystem: "res://assets/packs/temperate_forest_v1/environment/benchmark_v2/fern_cluster_v2_species1_mid.glb" import took 11 ms.
[  77% ] [90m[1mreimport[22m | fern_cluster_v2_species1_far.glb[39m[0m
EditorFileSystem: Importing file: res://assets/packs/temperate_forest_v1/environment/benchmark_v2/fern_cluster_v2_species1_far.glb
[   0% ] [90m[1mimport[22m | Started Import Scene (104 steps)[39m[0m
[   0% ] [90m[1mimport[22m | Importing Scene...[39m[0m
glTF: Total buffers: 1
glTF: Total buffer views: 5
glTF: Total accessors: 4
Loading resource: res://assets/packs/temperate_forest_v1/environment/benchmark_v2/fern_cluster_v2_species1_far_0.png
Loading resource: res://.godot/imported/fern_cluster_v2_species1_far_0.png-33497a4b71cf4ca66a29133d1eb4fb14.ctex
glTF: Total images: 1
Total materials: 1
glTF: Parsing mesh: 0
WARNING: glTF import: Buffer view byte stride should be declared for vertex attributes. Assuming packed data and reading anyway.
WARNING: glTF import: Buffer view byte stride should be declared for vertex attributes. Assuming packed data and reading anyway.
WARNING: glTF import: Buffer view byte stride should be declared for vertex attributes. Assuming packed data and reading anyway.
WARNING: glTF import: Buffer view byte stride should be declared for vertex attributes. Assuming packed data and reading anyway.
glTF: Total meshes: 1
glTF: Creating mesh for: fern_cluster_v2_species1_far
[   1% ] [90m[1mimport[22m | Running Custom Script...[39m[0m
[  99% ] [90m[1mimport[22m | Saving...[39m[0m
Saving scene to: res://.godot/imported/fern_cluster_v2_species1_far.glb-3aae52e897866c972785db00889dd5b3.scn
[92m[ DONE ][39m [1mimport[22m
[0m
EditorFileSystem: "res://assets/packs/temperate_forest_v1/environment/benchmark_v2/fern_cluster_v2_species1_far.glb" import took 7 ms.
[  78% ] [90m[1mreimport[22m | fern_cluster_v2_near.glb[39m[0m
EditorFileSystem: Importing file: res://assets/packs/temperate_forest_v1/environment/benchmark_v2/fern_cluster_v2_near.glb
[   0% ] [90m[1mimport[22m | Started Import Scene (104 steps)[39m[0m
[   0% ] [90m[1mimport[22m | Importing Scene...[39m[0m
glTF: Total buffers: 1
glTF: Total buffer views: 5
glTF: Total accessors: 4
Loading resource: res://assets/packs/temperate_forest_v1/environment/benchmark_v2/fern_cluster_v2_near_0.png
Loading resource: res://.godot/imported/fern_cluster_v2_near_0.png-b6fa9b71a76dbb60d97f23209120a105.ctex
glTF: Total images: 1
Total materials: 1
glTF: Parsing mesh: 0
WARNING: glTF import: Buffer view byte stride should be declared for vertex attributes. Assuming packed data and reading anyway.
WARNING: glTF import: Buffer view byte stride should be declared for vertex attributes. Assuming packed data and reading anyway.
WARNING: glTF import: Buffer view byte stride should be declared for vertex attributes. Assuming packed data and reading anyway.
WARNING: glTF import: Buffer view byte stride should be declared for vertex attributes. Assuming packed data and reading anyway.
glTF: Total meshes: 1
glTF: Creating mesh for: fern_cluster_v2_near
[   1% ] [90m[1mimport[22m | Running Custom Script...[39m[0m
[  99% ] [90m[1mimport[22m | Saving...[39m[0m
Saving scene to: res://.godot/imported/fern_cluster_v2_near.glb-a69a1cd0abe10af0ca1cf7372a3d70d4.scn
[92m[ DONE ][39m [1mimport[22m
[0m
EditorFileSystem: "res://assets/packs/temperate_forest_v1/environment/benchmark_v2/fern_cluster_v2_near.glb" import took 25 ms.
[  78% ] [90m[1mreimport[22m | fern_cluster_v2_mid.glb[39m[0m
EditorFileSystem: Importing file: res://assets/packs/temperate_forest_v1/environment/benchmark_v2/fern_cluster_v2_mid.glb
[   0% ] [90m[1mimport[22m | Started Import Scene (104 steps)[39m[0m
[   0% ] [90m[1mimport[22m | Importing Scene...[39m[0m
glTF: Total buffers: 1
glTF: Total buffer views: 5
glTF: Total accessors: 4
Loading resource: res://assets/packs/temperate_forest_v1/environment/benchmark_v2/fern_cluster_v2_mid_0.png
Loading resource: res://.godot/imported/fern_cluster_v2_mid_0.png-277deb1c9fc4710948c83fd70a7c968a.ctex
glTF: Total images: 1
Total materials: 1
glTF: Parsing mesh: 0
WARNING: glTF import: Buffer view byte stride should be declared for vertex attributes. Assuming packed data and reading anyway.
WARNING: glTF import: Buffer view byte stride should be declared for vertex attributes. Assuming packed data and reading anyway.
WARNING: glTF import: Buffer view byte stride should be declared for vertex attributes. Assuming packed data and reading anyway.
WARNING: glTF import: Buffer view byte stride should be declared for vertex attributes. Assuming packed data and reading anyway.
glTF: Total meshes: 1
glTF: Creating mesh for: fern_cluster_v2_mid
[   1% ] [90m[1mimport[22m | Running Custom Script...[39m[0m
[  99% ] [90m[1mimport[22m | Saving...[39m[0m
Saving scene to: res://.godot/imported/fern_cluster_v2_mid.glb-430d6da0488b9d40cbd76244e4f02d5a.scn
[92m[ DONE ][39m [1mimport[22m
[0m
EditorFileSystem: "res://assets/packs/temperate_forest_v1/environment/benchmark_v2/fern_cluster_v2_mid.glb" import took 11 ms.
[  78% ] [90m[1mreimport[22m | fern_cluster_v2_far.glb[39m[0m
EditorFileSystem: Importing file: res://assets/packs/temperate_forest_v1/environment/benchmark_v2/fern_cluster_v2_far.glb
[   0% ] [90m[1mimport[22m | Started Import Scene (104 steps)[39m[0m
[   0% ] [90m[1mimport[22m | Importing Scene...[39m[0m
glTF: Total buffers: 1
glTF: Total buffer views: 5
glTF: Total accessors: 4
Loading resource: res://assets/packs/temperate_forest_v1/environment/benchmark_v2/fern_cluster_v2_far_0.png
Loading resource: res://.godot/imported/fern_cluster_v2_far_0.png-5652d6382faf6056063633a431f32841.ctex
glTF: Total images: 1
Total materials: 1
glTF: Parsing mesh: 0
WARNING: glTF import: Buffer view byte stride should be declared for vertex attributes. Assuming packed data and reading anyway.
WARNING: glTF import: Buffer view byte stride should be declared for vertex attributes. Assuming packed data and reading anyway.
WARNING: glTF import: Buffer view byte stride should be declared for vertex attributes. Assuming packed data and reading anyway.
WARNING: glTF import: Buffer view byte stride should be declared for vertex attributes. Assuming packed data and reading anyway.
glTF: Total meshes: 1
glTF: Creating mesh for: fern_cluster_v2_far
[   1% ] [90m[1mimport[22m | Running Custom Script...[39m[0m
[  99% ] [90m[1mimport[22m | Saving...[39m[0m
Saving scene to: res://.godot/imported/fern_cluster_v2_far.glb-ffaa1f777bb6125721b86afc09af6bce.scn
[92m[ DONE ][39m [1mimport[22m
[0m
EditorFileSystem: "res://assets/packs/temperate_forest_v1/environment/benchmark_v2/fern_cluster_v2_far.glb" import took 7 ms.
[  79% ] [90m[1mreimport[22m | dense_bush_v2_species2_near.glb[39m[0m
EditorFileSystem: Importing file: res://assets/packs/temperate_forest_v1/environment/benchmark_v2/dense_bush_v2_species2_near.glb
[   0% ] [90m[1mimport[22m | Started Import Scene (104 steps)[39m[0m
[   0% ] [90m[1mimport[22m | Importing Scene...[39m[0m
glTF: Total buffers: 1
glTF: Total buffer views: 5
glTF: Total accessors: 4
Loading resource: res://assets/packs/temperate_forest_v1/environment/benchmark_v2/dense_bush_v2_species2_near_0.png
Loading resource: res://.godot/imported/dense_bush_v2_species2_near_0.png-d579a6a82c54add1661027e8aef57de9.ctex
glTF: Total images: 1
Total materials: 1
glTF: Parsing mesh: 0
WARNING: glTF import: Buffer view byte stride should be declared for vertex attributes. Assuming packed data and reading anyway.
WARNING: glTF import: Buffer view byte stride should be declared for vertex attributes. Assuming packed data and reading anyway.
WARNING: glTF import: Buffer view byte stride should be declared for vertex attributes. Assuming packed data and reading anyway.
WARNING: glTF import: Buffer view byte stride should be declared for vertex attributes. Assuming packed data and reading anyway.
glTF: Total meshes: 1
glTF: Creating mesh for: dense_bush_v2_species2_near
[   1% ] [90m[1mimport[22m | Running Custom Script...[39m[0m
[  99% ] [90m[1mimport[22m | Saving...[39m[0m
Saving scene to: res://.godot/imported/dense_bush_v2_species2_near.glb-5480b1095d471a9d2028e6d27f08476e.scn
[92m[ DONE ][39m [1mimport[22m
[0m
EditorFileSystem: "res://assets/packs/temperate_forest_v1/environment/benchmark_v2/dense_bush_v2_species2_near.glb" import took 26 ms.
[  79% ] [90m[1mreimport[22m | dense_bush_v2_species2_mid.glb[39m[0m
EditorFileSystem: Importing file: res://assets/packs/temperate_forest_v1/environment/benchmark_v2/dense_bush_v2_species2_mid.glb
[   0% ] [90m[1mimport[22m | Started Import Scene (104 steps)[39m[0m
[   0% ] [90m[1mimport[22m | Importing Scene...[39m[0m
glTF: Total buffers: 1
glTF: Total buffer views: 5
glTF: Total accessors: 4
Loading resource: res://assets/packs/temperate_forest_v1/environment/benchmark_v2/dense_bush_v2_species2_mid_0.png
Loading resource: res://.godot/imported/dense_bush_v2_species2_mid_0.png-5cb965ecafd24085d92669e9f7a2a800.ctex
glTF: Total images: 1
Total materials: 1
glTF: Parsing mesh: 0
WARNING: glTF import: Buffer view byte stride should be declared for vertex attributes. Assuming packed data and reading anyway.
WARNING: glTF import: Buffer view byte stride should be declared for vertex attributes. Assuming packed data and reading anyway.
WARNING: glTF import: Buffer view byte stride should be declared for vertex attributes. Assuming packed data and reading anyway.
WARNING: glTF import: Buffer view byte stride should be declared for vertex attributes. Assuming packed data and reading anyway.
glTF: Total meshes: 1
glTF: Creating mesh for: dense_bush_v2_species2_mid
[   1% ] [90m[1mimport[22m | Running Custom Script...[39m[0m
[  99% ] [90m[1mimport[22m | Saving...[39m[0m
Saving scene to: res://.godot/imported/dense_bush_v2_species2_mid.glb-e5e78ad52d9fada7a48cfb3fe0dc9c6e.scn
[92m[ DONE ][39m [1mimport[22m
[0m
EditorFileSystem: "res://assets/packs/temperate_forest_v1/environment/benchmark_v2/dense_bush_v2_species2_mid.glb" import took 7 ms.
[  80% ] [90m[1mreimport[22m | dense_bush_v2_species2_far.glb[39m[0m
EditorFileSystem: Importing file: res://assets/packs/temperate_forest_v1/environment/benchmark_v2/dense_bush_v2_species2_far.glb
[   0% ] [90m[1mimport[22m | Started Import Scene (104 steps)[39m[0m
[   0% ] [90m[1mimport[22m | Importing Scene...[39m[0m
glTF: Total buffers: 1
glTF: Total buffer views: 5
glTF: Total accessors: 4
Loading resource: res://assets/packs/temperate_forest_v1/environment/benchmark_v2/dense_bush_v2_species2_far_0.png
Loading resource: res://.godot/imported/dense_bush_v2_species2_far_0.png-2d186cd7b2c969f2ed36f73955668d0f.ctex
glTF: Total images: 1
Total materials: 1
glTF: Parsing mesh: 0
WARNING: glTF import: Buffer view byte stride should be declared for vertex attributes. Assuming packed data and reading anyway.
WARNING: glTF import: Buffer view byte stride should be declared for vertex attributes. Assuming packed data and reading anyway.
WARNING: glTF import: Buffer view byte stride should be declared for vertex attributes. Assuming packed data and reading anyway.
WARNING: glTF import: Buffer view byte stride should be declared for vertex attributes. Assuming packed data and reading anyway.
glTF: Total meshes: 1
glTF: Creating mesh for: dense_bush_v2_species2_far
[   1% ] [90m[1mimport[22m | Running Custom Script...[39m[0m
[  99% ] [90m[1mimport[22m | Saving...[39m[0m
Saving scene to: res://.godot/imported/dense_bush_v2_species2_far.glb-9417a215279e39bb4796138f5dbf2903.scn
[92m[ DONE ][39m [1mimport[22m
[0m
EditorFileSystem: "res://assets/packs/temperate_forest_v1/environment/benchmark_v2/dense_bush_v2_species2_far.glb" import took 4 ms.
[  80% ] [90m[1mreimport[22m | dense_bush_v2_species1_near.glb[39m[0m
EditorFileSystem: Importing file: res://assets/packs/temperate_forest_v1/environment/benchmark_v2/dense_bush_v2_species1_near.glb
[   0% ] [90m[1mimport[22m | Started Import Scene (104 steps)[39m[0m
[   0% ] [90m[1mimport[22m | Importing Scene...[39m[0m
glTF: Total buffers: 1
glTF: Total buffer views: 5
glTF: Total accessors: 4
Loading resource: res://assets/packs/temperate_forest_v1/environment/benchmark_v2/dense_bush_v2_species1_near_0.png
Loading resource: res://.godot/imported/dense_bush_v2_species1_near_0.png-49699c43615b3aa5be9542e198dc3868.ctex
glTF: Total images: 1
Total materials: 1
glTF: Parsing mesh: 0
WARNING: glTF import: Buffer view byte stride should be declared for vertex attributes. Assuming packed data and reading anyway.
WARNING: glTF import: Buffer view byte stride should be declared for vertex attributes. Assuming packed data and reading anyway.
WARNING: glTF import: Buffer view byte stride should be declared for vertex attributes. Assuming packed data and reading anyway.
WARNING: glTF import: Buffer view byte stride should be declared for vertex attributes. Assuming packed data and reading anyway.
glTF: Total meshes: 1
glTF: Creating mesh for: dense_bush_v2_species1_near
[   1% ] [90m[1mimport[22m | Running Custom Script...[39m[0m
[  99% ] [90m[1mimport[22m | Saving...[39m[0m
Saving scene to: res://.godot/imported/dense_bush_v2_species1_near.glb-c3ed7cda8d0bbbd25a381106df22c3af.scn
[92m[ DONE ][39m [1mimport[22m
[0m
EditorFileSystem: "res://assets/packs/temperate_forest_v1/environment/benchmark_v2/dense_bush_v2_species1_near.glb" import took 13 ms.
[  80% ] [90m[1mreimport[22m | dense_bush_v2_species1_mid.glb[39m[0m
EditorFileSystem: Importing file: res://assets/packs/temperate_forest_v1/environment/benchmark_v2/dense_bush_v2_species1_mid.glb
[   0% ] [90m[1mimport[22m | Started Import Scene (104 steps)[39m[0m
[   0% ] [90m[1mimport[22m | Importing Scene...[39m[0m
glTF: Total buffers: 1
glTF: Total buffer views: 5
glTF: Total accessors: 4
Loading resource: res://assets/packs/temperate_forest_v1/environment/benchmark_v2/dense_bush_v2_species1_mid_0.png
Loading resource: res://.godot/imported/dense_bush_v2_species1_mid_0.png-771bd15840b1b1a4a5bf83ec1afaf95e.ctex
glTF: Total images: 1
Total materials: 1
glTF: Parsing mesh: 0
WARNING: glTF import: Buffer view byte stride should be declared for vertex attributes. Assuming packed data and reading anyway.
WARNING: glTF import: Buffer view byte stride should be declared for vertex attributes. Assuming packed data and reading anyway.
WARNING: glTF import: Buffer view byte stride should be declared for vertex attributes. Assuming packed data and reading anyway.
WARNING: glTF import: Buffer view byte stride should be declared for vertex attributes. Assuming packed data and reading anyway.
glTF: Total meshes: 1
glTF: Creating mesh for: dense_bush_v2_species1_mid
[   1% ] [90m[1mimport[22m | Running Custom Script...[39m[0m
[  99% ] [90m[1mimport[22m | Saving...[39m[0m
Saving scene to: res://.godot/imported/dense_bush_v2_species1_mid.glb-9c5ea593c46bf6287e2a74992c7bb340.scn
[92m[ DONE ][39m [1mimport[22m
[0m
EditorFileSystem: "res://assets/packs/temperate_forest_v1/environment/benchmark_v2/dense_bush_v2_species1_mid.glb" import took 5 ms.
[  81% ] [90m[1mreimport[22m | dense_bush_v2_species1_far.glb[39m[0m
EditorFileSystem: Importing file: res://assets/packs/temperate_forest_v1/environment/benchmark_v2/dense_bush_v2_species1_far.glb
[   0% ] [90m[1mimport[22m | Started Import Scene (104 steps)[39m[0m
[   0% ] [90m[1mimport[22m | Importing Scene...[39m[0m
glTF: Total buffers: 1
glTF: Total buffer views: 5
glTF: Total accessors: 4
Loading resource: res://assets/packs/temperate_forest_v1/environment/benchmark_v2/dense_bush_v2_species1_far_0.png
Loading resource: res://.godot/imported/dense_bush_v2_species1_far_0.png-1839474fced98eb6a65f46e42fc91cd1.ctex
glTF: Total images: 1
Total materials: 1
glTF: Parsing mesh: 0
WARNING: glTF import: Buffer view byte stride should be declared for vertex attributes. Assuming packed data and reading anyway.
WARNING: glTF import: Buffer view byte stride should be declared for vertex attributes. Assuming packed data and reading anyway.
WARNING: glTF import: Buffer view byte stride should be declared for vertex attributes. Assuming packed data and reading anyway.
WARNING: glTF import: Buffer view byte stride should be declared for vertex attributes. Assuming packed data and reading anyway.
glTF: Total meshes: 1
glTF: Creating mesh for: dense_bush_v2_species1_far
[   1% ] [90m[1mimport[22m | Running Custom Script...[39m[0m
[  99% ] [90m[1mimport[22m | Saving...[39m[0m
Saving scene to: res://.godot/imported/dense_bush_v2_species1_far.glb-a31f43517ca7d8c5ec239c89615e5f06.scn
[92m[ DONE ][39m [1mimport[22m
[0m
EditorFileSystem: "res://assets/packs/temperate_forest_v1/environment/benchmark_v2/dense_bush_v2_species1_far.glb" import took 3 ms.
[  81% ] [90m[1mreimport[22m | dense_bush_v2_near.glb[39m[0m
EditorFileSystem: Importing file: res://assets/packs/temperate_forest_v1/environment/benchmark_v2/dense_bush_v2_near.glb
[   0% ] [90m[1mimport[22m | Started Import Scene (104 steps)[39m[0m
[   0% ] [90m[1mimport[22m | Importing Scene...[39m[0m
glTF: Total buffers: 1
glTF: Total buffer views: 5
glTF: Total accessors: 4
Loading resource: res://assets/packs/temperate_forest_v1/environment/benchmark_v2/dense_bush_v2_near_0.png
Loading resource: res://.godot/imported/dense_bush_v2_near_0.png-2b2a8b58dff1d474728eb112a48a1928.ctex
glTF: Total images: 1
Total materials: 1
glTF: Parsing mesh: 0
WARNING: glTF import: Buffer view byte stride should be declared for vertex attributes. Assuming packed data and reading anyway.
WARNING: glTF import: Buffer view byte stride should be declared for vertex attributes. Assuming packed data and reading anyway.
WARNING: glTF import: Buffer view byte stride should be declared for vertex attributes. Assuming packed data and reading anyway.
WARNING: glTF import: Buffer view byte stride should be declared for vertex attributes. Assuming packed data and reading anyway.
glTF: Total meshes: 1
glTF: Creating mesh for: dense_bush_v2_near
[   1% ] [90m[1mimport[22m | Running Custom Script...[39m[0m
[  99% ] [90m[1mimport[22m | Saving...[39m[0m
Saving scene to: res://.godot/imported/dense_bush_v2_near.glb-2265e215b106969b52eaa4b6dfd8f4f5.scn
[92m[ DONE ][39m [1mimport[22m
[0m
EditorFileSystem: "res://assets/packs/temperate_forest_v1/environment/benchmark_v2/dense_bush_v2_near.glb" import took 19 ms.
[  82% ] [90m[1mreimport[22m | dense_bush_v2_mid.glb[39m[0m
EditorFileSystem: Importing file: res://assets/packs/temperate_forest_v1/environment/benchmark_v2/dense_bush_v2_mid.glb
[   0% ] [90m[1mimport[22m | Started Import Scene (104 steps)[39m[0m
[   0% ] [90m[1mimport[22m | Importing Scene...[39m[0m
glTF: Total buffers: 1
glTF: Total buffer views: 5
glTF: Total accessors: 4
Loading resource: res://assets/packs/temperate_forest_v1/environment/benchmark_v2/dense_bush_v2_mid_0.png
Loading resource: res://.godot/imported/dense_bush_v2_mid_0.png-abfe7f148259440fdede1fec50e7be57.ctex
glTF: Total images: 1
Total materials: 1
glTF: Parsing mesh: 0
WARNING: glTF import: Buffer view byte stride should be declared for vertex attributes. Assuming packed data and reading anyway.
WARNING: glTF import: Buffer view byte stride should be declared for vertex attributes. Assuming packed data and reading anyway.
WARNING: glTF import: Buffer view byte stride should be declared for vertex attributes. Assuming packed data and reading anyway.
WARNING: glTF import: Buffer view byte stride should be declared for vertex attributes. Assuming packed data and reading anyway.
glTF: Total meshes: 1
glTF: Creating mesh for: dense_bush_v2_mid
[   1% ] [90m[1mimport[22m | Running Custom Script...[39m[0m
[  99% ] [90m[1mimport[22m | Saving...[39m[0m
Saving scene to: res://.godot/imported/dense_bush_v2_mid.glb-e797495db23ce803ccd33da775b6396a.scn
[92m[ DONE ][39m [1mimport[22m
[0m
EditorFileSystem: "res://assets/packs/temperate_forest_v1/environment/benchmark_v2/dense_bush_v2_mid.glb" import took 5 ms.
[  82% ] [90m[1mreimport[22m | dense_bush_v2_far.glb[39m[0m
EditorFileSystem: Importing file: res://assets/packs/temperate_forest_v1/environment/benchmark_v2/dense_bush_v2_far.glb
[   0% ] [90m[1mimport[22m | Started Import Scene (104 steps)[39m[0m
[   0% ] [90m[1mimport[22m | Importing Scene...[39m[0m
glTF: Total buffers: 1
glTF: Total buffer views: 5
glTF: Total accessors: 4
Loading resource: res://assets/packs/temperate_forest_v1/environment/benchmark_v2/dense_bush_v2_far_0.png
Loading resource: res://.godot/imported/dense_bush_v2_far_0.png-0828fa9d2340f0de2032a59802efa636.ctex
glTF: Total images: 1
Total materials: 1
glTF: Parsing mesh: 0
WARNING: glTF import: Buffer view byte stride should be declared for vertex attributes. Assuming packed data and reading anyway.
WARNING: glTF import: Buffer view byte stride should be declared for vertex attributes. Assuming packed data and reading anyway.
WARNING: glTF import: Buffer view byte stride should be declared for vertex attributes. Assuming packed data and reading anyway.
WARNING: glTF import: Buffer view byte stride should be declared for vertex attributes. Assuming packed data and reading anyway.
glTF: Total meshes: 1
glTF: Creating mesh for: dense_bush_v2_far
[   1% ] [90m[1mimport[22m | Running Custom Script...[39m[0m
[  99% ] [90m[1mimport[22m | Saving...[39m[0m
Saving scene to: res://.godot/imported/dense_bush_v2_far.glb-5b094c383636fa122104551ca99d7cc7.scn
[92m[ DONE ][39m [1mimport[22m
[0m
EditorFileSystem: "res://assets/packs/temperate_forest_v1/environment/benchmark_v2/dense_bush_v2_far.glb" import took 3 ms.
[  82% ] [90m[1mreimport[22m | ancient_oak_v2_species2_near.glb[39m[0m
EditorFileSystem: Importing file: res://assets/packs/temperate_forest_v1/environment/benchmark_v2/ancient_oak_v2_species2_near.glb
[   0% ] [90m[1mimport[22m | Started Import Scene (104 steps)[39m[0m
[   0% ] [90m[1mimport[22m | Importing Scene...[39m[0m
glTF: Total buffers: 1
glTF: Total buffer views: 5
glTF: Total accessors: 4
Loading resource: res://assets/packs/temperate_forest_v1/environment/benchmark_v2/ancient_oak_v2_species2_near_0.png
Loading resource: res://.godot/imported/ancient_oak_v2_species2_near_0.png-d32872115ef725d20a9be839942f9173.ctex
glTF: Total images: 1
Total materials: 1
glTF: Parsing mesh: 0
WARNING: glTF import: Buffer view byte stride should be declared for vertex attributes. Assuming packed data and reading anyway.
WARNING: glTF import: Buffer view byte stride should be declared for vertex attributes. Assuming packed data and reading anyway.
WARNING: glTF import: Buffer view byte stride should be declared for vertex attributes. Assuming packed data and reading anyway.
WARNING: glTF import: Buffer view byte stride should be declared for vertex attributes. Assuming packed data and reading anyway.
glTF: Total meshes: 1
glTF: Creating mesh for: ancient_oak_v2_species2_near
[   1% ] [90m[1mimport[22m | Running Custom Script...[39m[0m
[  99% ] [90m[1mimport[22m | Saving...[39m[0m
Saving scene to: res://.godot/imported/ancient_oak_v2_species2_near.glb-ba4181e812ccdb53e34f53fa76faacc0.scn
[92m[ DONE ][39m [1mimport[22m
[0m
EditorFileSystem: "res://assets/packs/temperate_forest_v1/environment/benchmark_v2/ancient_oak_v2_species2_near.glb" import took 18 ms.
[  83% ] [90m[1mreimport[22m | ancient_oak_v2_species2_mid.glb[39m[0m
EditorFileSystem: Importing file: res://assets/packs/temperate_forest_v1/environment/benchmark_v2/ancient_oak_v2_species2_mid.glb
[   0% ] [90m[1mimport[22m | Started Import Scene (104 steps)[39m[0m
[   0% ] [90m[1mimport[22m | Importing Scene...[39m[0m
glTF: Total buffers: 1
glTF: Total buffer views: 5
glTF: Total accessors: 4
Loading resource: res://assets/packs/temperate_forest_v1/environment/benchmark_v2/ancient_oak_v2_species2_mid_0.png
Loading resource: res://.godot/imported/ancient_oak_v2_species2_mid_0.png-e81c03c15d9b56e31763f517ee5b94de.ctex
glTF: Total images: 1
Total materials: 1
glTF: Parsing mesh: 0
WARNING: glTF import: Buffer view byte stride should be declared for vertex attributes. Assuming packed data and reading anyway.
WARNING: glTF import: Buffer view byte stride should be declared for vertex attributes. Assuming packed data and reading anyway.
WARNING: glTF import: Buffer view byte stride should be declared for vertex attributes. Assuming packed data and reading anyway.
WARNING: glTF import: Buffer view byte stride should be declared for vertex attributes. Assuming packed data and reading anyway.
glTF: Total meshes: 1
glTF: Creating mesh for: ancient_oak_v2_species2_mid
[   1% ] [90m[1mimport[22m | Running Custom Script...[39m[0m
[  99% ] [90m[1mimport[22m | Saving...[39m[0m
Saving scene to: res://.godot/imported/ancient_oak_v2_species2_mid.glb-4d7e4c044e9124ae954156f1303690e4.scn
[92m[ DONE ][39m [1mimport[22m
[0m
EditorFileSystem: "res://assets/packs/temperate_forest_v1/environment/benchmark_v2/ancient_oak_v2_species2_mid.glb" import took 6 ms.
[  83% ] [90m[1mreimport[22m | ancient_oak_v2_species2_far.glb[39m[0m
EditorFileSystem: Importing file: res://assets/packs/temperate_forest_v1/environment/benchmark_v2/ancient_oak_v2_species2_far.glb
[   0% ] [90m[1mimport[22m | Started Import Scene (104 steps)[39m[0m
[   0% ] [90m[1mimport[22m | Importing Scene...[39m[0m
glTF: Total buffers: 1
glTF: Total buffer views: 5
glTF: Total accessors: 4
Loading resource: res://assets/packs/temperate_forest_v1/environment/benchmark_v2/ancient_oak_v2_species2_far_0.png
Loading resource: res://.godot/imported/ancient_oak_v2_species2_far_0.png-56d7724f9a1c7bb3ed159bd0fc0d14a5.ctex
glTF: Total images: 1
Total materials: 1
glTF: Parsing mesh: 0
WARNING: glTF import: Buffer view byte stride should be declared for vertex attributes. Assuming packed data and reading anyway.
WARNING: glTF import: Buffer view byte stride should be declared for vertex attributes. Assuming packed data and reading anyway.
WARNING: glTF import: Buffer view byte stride should be declared for vertex attributes. Assuming packed data and reading anyway.
WARNING: glTF import: Buffer view byte stride should be declared for vertex attributes. Assuming packed data and reading anyway.
glTF: Total meshes: 1
glTF: Creating mesh for: ancient_oak_v2_species2_far
[   1% ] [90m[1mimport[22m | Running Custom Script...[39m[0m
[  99% ] [90m[1mimport[22m | Saving...[39m[0m
Saving scene to: res://.godot/imported/ancient_oak_v2_species2_far.glb-a1dc79f3593cb4b723877d7d5d6b02be.scn
[92m[ DONE ][39m [1mimport[22m
[0m
EditorFileSystem: "res://assets/packs/temperate_forest_v1/environment/benchmark_v2/ancient_oak_v2_species2_far.glb" import took 4 ms.
[  84% ] [90m[1mreimport[22m | ancient_oak_v2_species1_near.glb[39m[0m
EditorFileSystem: Importing file: res://assets/packs/temperate_forest_v1/environment/benchmark_v2/ancient_oak_v2_species1_near.glb
[   0% ] [90m[1mimport[22m | Started Import Scene (104 steps)[39m[0m
[   0% ] [90m[1mimport[22m | Importing Scene...[39m[0m
glTF: Total buffers: 1
glTF: Total buffer views: 5
glTF: Total accessors: 4
Loading resource: res://assets/packs/temperate_forest_v1/environment/benchmark_v2/ancient_oak_v2_species1_near_0.png
Loading resource: res://.godot/imported/ancient_oak_v2_species1_near_0.png-4aa03f63da7278cee3ec2c04d449668b.ctex
glTF: Total images: 1
Total materials: 1
glTF: Parsing mesh: 0
WARNING: glTF import: Buffer view byte stride should be declared for vertex attributes. Assuming packed data and reading anyway.
WARNING: glTF import: Buffer view byte stride should be declared for vertex attributes. Assuming packed data and reading anyway.
WARNING: glTF import: Buffer view byte stride should be declared for vertex attributes. Assuming packed data and reading anyway.
WARNING: glTF import: Buffer view byte stride should be declared for vertex attributes. Assuming packed data and reading anyway.
glTF: Total meshes: 1
glTF: Creating mesh for: ancient_oak_v2_species1_near
[   1% ] [90m[1mimport[22m | Running Custom Script...[39m[0m
[  99% ] [90m[1mimport[22m | Saving...[39m[0m
Saving scene to: res://.godot/imported/ancient_oak_v2_species1_near.glb-7b5cf03efa5677f90d95d03c6e3e8624.scn
[92m[ DONE ][39m [1mimport[22m
[0m
EditorFileSystem: "res://assets/packs/temperate_forest_v1/environment/benchmark_v2/ancient_oak_v2_species1_near.glb" import took 34 ms.
[  84% ] [90m[1mreimport[22m | ancient_oak_v2_species1_mid.glb[39m[0m
EditorFileSystem: Importing file: res://assets/packs/temperate_forest_v1/environment/benchmark_v2/ancient_oak_v2_species1_mid.glb
[   0% ] [90m[1mimport[22m | Started Import Scene (104 steps)[39m[0m
[   0% ] [90m[1mimport[22m | Importing Scene...[39m[0m
glTF: Total buffers: 1
glTF: Total buffer views: 5
glTF: Total accessors: 4
Loading resource: res://assets/packs/temperate_forest_v1/environment/benchmark_v2/ancient_oak_v2_species1_mid_0.png
Loading resource: res://.godot/imported/ancient_oak_v2_species1_mid_0.png-dc8f65d0949b76c3d41407592a198ce4.ctex
glTF: Total images: 1
Total materials: 1
glTF: Parsing mesh: 0
WARNING: glTF import: Buffer view byte stride should be declared for vertex attributes. Assuming packed data and reading anyway.
WARNING: glTF import: Buffer view byte stride should be declared for vertex attributes. Assuming packed data and reading anyway.
WARNING: glTF import: Buffer view byte stride should be declared for vertex attributes. Assuming packed data and reading anyway.
WARNING: glTF import: Buffer view byte stride should be declared for vertex attributes. Assuming packed data and reading anyway.
glTF: Total meshes: 1
glTF: Creating mesh for: ancient_oak_v2_species1_mid
[   1% ] [90m[1mimport[22m | Running Custom Script...[39m[0m
[  99% ] [90m[1mimport[22m | Saving...[39m[0m
Saving scene to: res://.godot/imported/ancient_oak_v2_species1_mid.glb-b1922641683ee6fa605c3d6a7da7998d.scn
[92m[ DONE ][39m [1mimport[22m
[0m
EditorFileSystem: "res://assets/packs/temperate_forest_v1/environment/benchmark_v2/ancient_oak_v2_species1_mid.glb" import took 10 ms.
[  84% ] [90m[1mreimport[22m | ancient_oak_v2_species1_far.glb[39m[0m
EditorFileSystem: Importing file: res://assets/packs/temperate_forest_v1/environment/benchmark_v2/ancient_oak_v2_species1_far.glb
[   0% ] [90m[1mimport[22m | Started Import Scene (104 steps)[39m[0m
[   0% ] [90m[1mimport[22m | Importing Scene...[39m[0m
glTF: Total buffers: 1
glTF: Total buffer views: 5
glTF: Total accessors: 4
Loading resource: res://assets/packs/temperate_forest_v1/environment/benchmark_v2/ancient_oak_v2_species1_far_0.png
Loading resource: res://.godot/imported/ancient_oak_v2_species1_far_0.png-43b84b2fd8b5879fe941aea25d6591f1.ctex
glTF: Total images: 1
Total materials: 1
glTF: Parsing mesh: 0
WARNING: glTF import: Buffer view byte stride should be declared for vertex attributes. Assuming packed data and reading anyway.
WARNING: glTF import: Buffer view byte stride should be declared for vertex attributes. Assuming packed data and reading anyway.
WARNING: glTF import: Buffer view byte stride should be declared for vertex attributes. Assuming packed data and reading anyway.
WARNING: glTF import: Buffer view byte stride should be declared for vertex attributes. Assuming packed data and reading anyway.
glTF: Total meshes: 1
glTF: Creating mesh for: ancient_oak_v2_species1_far
[   1% ] [90m[1mimport[22m | Running Custom Script...[39m[0m
[  99% ] [90m[1mimport[22m | Saving...[39m[0m
Saving scene to: res://.godot/imported/ancient_oak_v2_species1_far.glb-2af576659e3c4107be4fd9044d310ff1.scn
[92m[ DONE ][39m [1mimport[22m
[0m
EditorFileSystem: "res://assets/packs/temperate_forest_v1/environment/benchmark_v2/ancient_oak_v2_species1_far.glb" import took 5 ms.
[  85% ] [90m[1mreimport[22m | ancient_oak_v2_near.glb[39m[0m
EditorFileSystem: Importing file: res://assets/packs/temperate_forest_v1/environment/benchmark_v2/ancient_oak_v2_near.glb
[   0% ] [90m[1mimport[22m | Started Import Scene (104 steps)[39m[0m
[   0% ] [90m[1mimport[22m | Importing Scene...[39m[0m
glTF: Total buffers: 1
glTF: Total buffer views: 5
glTF: Total accessors: 4
Loading resource: res://assets/packs/temperate_forest_v1/environment/benchmark_v2/ancient_oak_v2_near_0.png
Loading resource: res://.godot/imported/ancient_oak_v2_near_0.png-4c574f000841294502729661a6606b39.ctex
glTF: Total images: 1
Total materials: 1
glTF: Parsing mesh: 0
WARNING: glTF import: Buffer view byte stride should be declared for vertex attributes. Assuming packed data and reading anyway.
WARNING: glTF import: Buffer view byte stride should be declared for vertex attributes. Assuming packed data and reading anyway.
WARNING: glTF import: Buffer view byte stride should be declared for vertex attributes. Assuming packed data and reading anyway.
WARNING: glTF import: Buffer view byte stride should be declared for vertex attributes. Assuming packed data and reading anyway.
glTF: Total meshes: 1
glTF: Creating mesh for: ancient_oak_v2_near
[   1% ] [90m[1mimport[22m | Running Custom Script...[39m[0m
[  99% ] [90m[1mimport[22m | Saving...[39m[0m
Saving scene to: res://.godot/imported/ancient_oak_v2_near.glb-84cd69d79879a0719f33fbced6165728.scn
[92m[ DONE ][39m [1mimport[22m
[0m
EditorFileSystem: "res://assets/packs/temperate_forest_v1/environment/benchmark_v2/ancient_oak_v2_near.glb" import took 108 ms.
[  85% ] [90m[1mreimport[22m | ancient_oak_v2_mid.glb[39m[0m
EditorFileSystem: Importing file: res://assets/packs/temperate_forest_v1/environment/benchmark_v2/ancient_oak_v2_mid.glb
[   0% ] [90m[1mimport[22m | Started Import Scene (104 steps)[39m[0m
[   0% ] [90m[1mimport[22m | Importing Scene...[39m[0m
glTF: Total buffers: 1
glTF: Total buffer views: 5
glTF: Total accessors: 4
Loading resource: res://assets/packs/temperate_forest_v1/environment/benchmark_v2/ancient_oak_v2_mid_0.png
Loading resource: res://.godot/imported/ancient_oak_v2_mid_0.png-63970b069ab7dc5a7dadd5f369a46f91.ctex
glTF: Total images: 1
Total materials: 1
glTF: Parsing mesh: 0
WARNING: glTF import: Buffer view byte stride should be declared for vertex attributes. Assuming packed data and reading anyway.
WARNING: glTF import: Buffer view byte stride should be declared for vertex attributes. Assuming packed data and reading anyway.
WARNING: glTF import: Buffer view byte stride should be declared for vertex attributes. Assuming packed data and reading anyway.
WARNING: glTF import: Buffer view byte stride should be declared for vertex attributes. Assuming packed data and reading anyway.
glTF: Total meshes: 1
glTF: Creating mesh for: ancient_oak_v2_mid
[   1% ] [90m[1mimport[22m | Running Custom Script...[39m[0m
[  99% ] [90m[1mimport[22m | Saving...[39m[0m
Saving scene to: res://.godot/imported/ancient_oak_v2_mid.glb-5297f3fcc3bd5929d129630345c1c032.scn
[92m[ DONE ][39m [1mimport[22m
[0m
EditorFileSystem: "res://assets/packs/temperate_forest_v1/environment/benchmark_v2/ancient_oak_v2_mid.glb" import took 17 ms.
[  86% ] [90m[1mreimport[22m | ancient_oak_v2_far.glb[39m[0m
EditorFileSystem: Importing file: res://assets/packs/temperate_forest_v1/environment/benchmark_v2/ancient_oak_v2_far.glb
[   0% ] [90m[1mimport[22m | Started Import Scene (104 steps)[39m[0m
[   0% ] [90m[1mimport[22m | Importing Scene...[39m[0m
glTF: Total buffers: 1
glTF: Total buffer views: 5
glTF: Total accessors: 4
Loading resource: res://assets/packs/temperate_forest_v1/environment/benchmark_v2/ancient_oak_v2_far_0.png
Loading resource: res://.godot/imported/ancient_oak_v2_far_0.png-ca1e1fd55a5fa84a1ae50ce675c47fee.ctex
glTF: Total images: 1
Total materials: 1
glTF: Parsing mesh: 0
WARNING: glTF import: Buffer view byte stride should be declared for vertex attributes. Assuming packed data and reading anyway.
WARNING: glTF import: Buffer view byte stride should be declared for vertex attributes. Assuming packed data and reading anyway.
WARNING: glTF import: Buffer view byte stride should be declared for vertex attributes. Assuming packed data and reading anyway.
WARNING: glTF import: Buffer view byte stride should be declared for vertex attributes. Assuming packed data and reading anyway.
glTF: Total meshes: 1
glTF: Creating mesh for: ancient_oak_v2_far
[   1% ] [90m[1mimport[22m | Running Custom Script...[39m[0m
[  99% ] [90m[1mimport[22m | Saving...[39m[0m
Saving scene to: res://.godot/imported/ancient_oak_v2_far.glb-38e8e4889fb52c03e8f776e507984129.scn
[92m[ DONE ][39m [1mimport[22m
[0m
EditorFileSystem: "res://assets/packs/temperate_forest_v1/environment/benchmark_v2/ancient_oak_v2_far.glb" import took 6 ms.
[  86% ] [90m[1mreimport[22m | tall_pine_v2_species2_near.glb[39m[0m
EditorFileSystem: Importing file: res://assets/packs/temperate_forest_v1/environment/benchmark_v2/tall_pine_v2_species2_near.glb
[   0% ] [90m[1mimport[22m | Started Import Scene (104 steps)[39m[0m
[   0% ] [90m[1mimport[22m | Importing Scene...[39m[0m
glTF: Total buffers: 1
glTF: Total buffer views: 5
glTF: Total accessors: 4
Loading resource: res://assets/packs/temperate_forest_v1/environment/benchmark_v2/tall_pine_v2_species2_near_0.png
Loading resource: res://.godot/imported/tall_pine_v2_species2_near_0.png-21cb4031cd5894fa12afca5fbabb6eb5.ctex
glTF: Total images: 1
Total materials: 1
glTF: Parsing mesh: 0
WARNING: glTF import: Buffer view byte stride should be declared for vertex attributes. Assuming packed data and reading anyway.
WARNING: glTF import: Buffer view byte stride should be declared for vertex attributes. Assuming packed data and reading anyway.
WARNING: glTF import: Buffer view byte stride should be declared for vertex attributes. Assuming packed data and reading anyway.
WARNING: glTF import: Buffer view byte stride should be declared for vertex attributes. Assuming packed data and reading anyway.
glTF: Total meshes: 1
glTF: Creating mesh for: tall_pine_v2_species2_near
[   1% ] [90m[1mimport[22m | Running Custom Script...[39m[0m
[  99% ] [90m[1mimport[22m | Saving...[39m[0m
Saving scene to: res://.godot/imported/tall_pine_v2_species2_near.glb-79fa0b8c687355ab2db0ed57f642bb3d.scn
[92m[ DONE ][39m [1mimport[22m
[0m
EditorFileSystem: "res://assets/packs/temperate_forest_v1/environment/benchmark_v2/tall_pine_v2_species2_near.glb" import took 13 ms.
[  86% ] [90m[1mreimport[22m | tall_pine_v2_species2_mid.glb[39m[0m
EditorFileSystem: Importing file: res://assets/packs/temperate_forest_v1/environment/benchmark_v2/tall_pine_v2_species2_mid.glb
[   0% ] [90m[1mimport[22m | Started Import Scene (104 steps)[39m[0m
[   0% ] [90m[1mimport[22m | Importing Scene...[39m[0m
glTF: Total buffers: 1
glTF: Total buffer views: 5
glTF: Total accessors: 4
Loading resource: res://assets/packs/temperate_forest_v1/environment/benchmark_v2/tall_pine_v2_species2_mid_0.png
Loading resource: res://.godot/imported/tall_pine_v2_species2_mid_0.png-ad7041d39d63153890a7e9e96d8490a6.ctex
glTF: Total images: 1
Total materials: 1
glTF: Parsing mesh: 0
WARNING: glTF import: Buffer view byte stride should be declared for vertex attributes. Assuming packed data and reading anyway.
WARNING: glTF import: Buffer view byte stride should be declared for vertex attributes. Assuming packed data and reading anyway.
WARNING: glTF import: Buffer view byte stride should be declared for vertex attributes. Assuming packed data and reading anyway.
WARNING: glTF import: Buffer view byte stride should be declared for vertex attributes. Assuming packed data and reading anyway.
glTF: Total meshes: 1
glTF: Creating mesh for: tall_pine_v2_species2_mid
[   1% ] [90m[1mimport[22m | Running Custom Script...[39m[0m
[  99% ] [90m[1mimport[22m | Saving...[39m[0m
Saving scene to: res://.godot/imported/tall_pine_v2_species2_mid.glb-4901e342fd7d8fd2537bf0a69f3e48c2.scn
[92m[ DONE ][39m [1mimport[22m
[0m
EditorFileSystem: "res://assets/packs/temperate_forest_v1/environment/benchmark_v2/tall_pine_v2_species2_mid.glb" import took 6 ms.
[  87% ] [90m[1mreimport[22m | tall_pine_v2_species2_far.glb[39m[0m
EditorFileSystem: Importing file: res://assets/packs/temperate_forest_v1/environment/benchmark_v2/tall_pine_v2_species2_far.glb
[   0% ] [90m[1mimport[22m | Started Import Scene (104 steps)[39m[0m
[   0% ] [90m[1mimport[22m | Importing Scene...[39m[0m
glTF: Total buffers: 1
glTF: Total buffer views: 5
glTF: Total accessors: 4
Loading resource: res://assets/packs/temperate_forest_v1/environment/benchmark_v2/tall_pine_v2_species2_far_0.png
Loading resource: res://.godot/imported/tall_pine_v2_species2_far_0.png-741c37dee8d1c8e6cbdb560a9a8bdd36.ctex
glTF: Total images: 1
Total materials: 1
glTF: Parsing mesh: 0
WARNING: glTF import: Buffer view byte stride should be declared for vertex attributes. Assuming packed data and reading anyway.
WARNING: glTF import: Buffer view byte stride should be declared for vertex attributes. Assuming packed data and reading anyway.
WARNING: glTF import: Buffer view byte stride should be declared for vertex attributes. Assuming packed data and reading anyway.
WARNING: glTF import: Buffer view byte stride should be declared for vertex attributes. Assuming packed data and reading anyway.
glTF: Total meshes: 1
glTF: Creating mesh for: tall_pine_v2_species2_far
[   1% ] [90m[1mimport[22m | Running Custom Script...[39m[0m
[  99% ] [90m[1mimport[22m | Saving...[39m[0m
Saving scene to: res://.godot/imported/tall_pine_v2_species2_far.glb-6b47b68c6cbf740d5b50cc084a84d11c.scn
[92m[ DONE ][39m [1mimport[22m
[0m
EditorFileSystem: "res://assets/packs/temperate_forest_v1/environment/benchmark_v2/tall_pine_v2_species2_far.glb" import took 5 ms.
[  87% ] [90m[1mreimport[22m | tall_pine_v2_species1_near.glb[39m[0m
EditorFileSystem: Importing file: res://assets/packs/temperate_forest_v1/environment/benchmark_v2/tall_pine_v2_species1_near.glb
[   0% ] [90m[1mimport[22m | Started Import Scene (104 steps)[39m[0m
[   0% ] [90m[1mimport[22m | Importing Scene...[39m[0m
glTF: Total buffers: 1
glTF: Total buffer views: 5
glTF: Total accessors: 4
Loading resource: res://assets/packs/temperate_forest_v1/environment/benchmark_v2/tall_pine_v2_species1_near_0.png
Loading resource: res://.godot/imported/tall_pine_v2_species1_near_0.png-d3c32fb382312c270bb0917cb9b9948f.ctex
glTF: Total images: 1
Total materials: 1
glTF: Parsing mesh: 0
WARNING: glTF import: Buffer view byte stride should be declared for vertex attributes. Assuming packed data and reading anyway.
WARNING: glTF import: Buffer view byte stride should be declared for vertex attributes. Assuming packed data and reading anyway.
WARNING: glTF import: Buffer view byte stride should be declared for vertex attributes. Assuming packed data and reading anyway.
WARNING: glTF import: Buffer view byte stride should be declared for vertex attributes. Assuming packed data and reading anyway.
glTF: Total meshes: 1
glTF: Creating mesh for: tall_pine_v2_species1_near
[   1% ] [90m[1mimport[22m | Running Custom Script...[39m[0m
[  99% ] [90m[1mimport[22m | Saving...[39m[0m
Saving scene to: res://.godot/imported/tall_pine_v2_species1_near.glb-66bb6ebe221013875d0314e42391c645.scn
[92m[ DONE ][39m [1mimport[22m
[0m
EditorFileSystem: "res://assets/packs/temperate_forest_v1/environment/benchmark_v2/tall_pine_v2_species1_near.glb" import took 19 ms.
[  88% ] [90m[1mreimport[22m | tall_pine_v2_species1_mid.glb[39m[0m
EditorFileSystem: Importing file: res://assets/packs/temperate_forest_v1/environment/benchmark_v2/tall_pine_v2_species1_mid.glb
[   0% ] [90m[1mimport[22m | Started Import Scene (104 steps)[39m[0m
[   0% ] [90m[1mimport[22m | Importing Scene...[39m[0m
glTF: Total buffers: 1
glTF: Total buffer views: 5
glTF: Total accessors: 4
Loading resource: res://assets/packs/temperate_forest_v1/environment/benchmark_v2/tall_pine_v2_species1_mid_0.png
Loading resource: res://.godot/imported/tall_pine_v2_species1_mid_0.png-499411d585fb409d0b0d8d7daed01551.ctex
glTF: Total images: 1
Total materials: 1
glTF: Parsing mesh: 0
WARNING: glTF import: Buffer view byte stride should be declared for vertex attributes. Assuming packed data and reading anyway.
WARNING: glTF import: Buffer view byte stride should be declared for vertex attributes. Assuming packed data and reading anyway.
WARNING: glTF import: Buffer view byte stride should be declared for vertex attributes. Assuming packed data and reading anyway.
WARNING: glTF import: Buffer view byte stride should be declared for vertex attributes. Assuming packed data and reading anyway.
glTF: Total meshes: 1
glTF: Creating mesh for: tall_pine_v2_species1_mid
[   1% ] [90m[1mimport[22m | Running Custom Script...[39m[0m
[  99% ] [90m[1mimport[22m | Saving...[39m[0m
Saving scene to: res://.godot/imported/tall_pine_v2_species1_mid.glb-7449f037761d2527d7532ed4f86fe1c2.scn
[92m[ DONE ][39m [1mimport[22m
[0m
EditorFileSystem: "res://assets/packs/temperate_forest_v1/environment/benchmark_v2/tall_pine_v2_species1_mid.glb" import took 6 ms.
[  88% ] [90m[1mreimport[22m | tall_pine_v2_species1_far.glb[39m[0m
EditorFileSystem: Importing file: res://assets/packs/temperate_forest_v1/environment/benchmark_v2/tall_pine_v2_species1_far.glb
[   0% ] [90m[1mimport[22m | Started Import Scene (104 steps)[39m[0m
[   0% ] [90m[1mimport[22m | Importing Scene...[39m[0m
glTF: Total buffers: 1
glTF: Total buffer views: 5
glTF: Total accessors: 4
Loading resource: res://assets/packs/temperate_forest_v1/environment/benchmark_v2/tall_pine_v2_species1_far_0.png
Loading resource: res://.godot/imported/tall_pine_v2_species1_far_0.png-147651d95665c004b726cfeaf1c31ad6.ctex
glTF: Total images: 1
Total materials: 1
glTF: Parsing mesh: 0
WARNING: glTF import: Buffer view byte stride should be declared for vertex attributes. Assuming packed data and reading anyway.
WARNING: glTF import: Buffer view byte stride should be declared for vertex attributes. Assuming packed data and reading anyway.
WARNING: glTF import: Buffer view byte stride should be declared for vertex attributes. Assuming packed data and reading anyway.
WARNING: glTF import: Buffer view byte stride should be declared for vertex attributes. Assuming packed data and reading anyway.
glTF: Total meshes: 1
glTF: Creating mesh for: tall_pine_v2_species1_far
[   1% ] [90m[1mimport[22m | Running Custom Script...[39m[0m
[  99% ] [90m[1mimport[22m | Saving...[39m[0m
Saving scene to: res://.godot/imported/tall_pine_v2_species1_far.glb-8d99544f1d0dd7b3e4ba6deee5e6f207.scn
[92m[ DONE ][39m [1mimport[22m
[0m
EditorFileSystem: "res://assets/packs/temperate_forest_v1/environment/benchmark_v2/tall_pine_v2_species1_far.glb" import took 4 ms.
[  89% ] [90m[1mreimport[22m | tall_pine_v2_near.glb[39m[0m
EditorFileSystem: Importing file: res://assets/packs/temperate_forest_v1/environment/benchmark_v2/tall_pine_v2_near.glb
[   0% ] [90m[1mimport[22m | Started Import Scene (104 steps)[39m[0m
[   0% ] [90m[1mimport[22m | Importing Scene...[39m[0m
glTF: Total buffers: 1
glTF: Total buffer views: 5
glTF: Total accessors: 4
Loading resource: res://assets/packs/temperate_forest_v1/environment/benchmark_v2/tall_pine_v2_near_0.png
Loading resource: res://.godot/imported/tall_pine_v2_near_0.png-93ca9f0828c70f8323ca87332a616eda.ctex
glTF: Total images: 1
Total materials: 1
glTF: Parsing mesh: 0
WARNING: glTF import: Buffer view byte stride should be declared for vertex attributes. Assuming packed data and reading anyway.
WARNING: glTF import: Buffer view byte stride should be declared for vertex attributes. Assuming packed data and reading anyway.
WARNING: glTF import: Buffer view byte stride should be declared for vertex attributes. Assuming packed data and reading anyway.
WARNING: glTF import: Buffer view byte stride should be declared for vertex attributes. Assuming packed data and reading anyway.
glTF: Total meshes: 1
glTF: Creating mesh for: tall_pine_v2_near
[   1% ] [90m[1mimport[22m | Running Custom Script...[39m[0m
[  99% ] [90m[1mimport[22m | Saving...[39m[0m
Saving scene to: res://.godot/imported/tall_pine_v2_near.glb-40192c9a8d63fceae0369cbe5fc7d766.scn
[92m[ DONE ][39m [1mimport[22m
[0m
EditorFileSystem: "res://assets/packs/temperate_forest_v1/environment/benchmark_v2/tall_pine_v2_near.glb" import took 41 ms.
[  89% ] [90m[1mreimport[22m | tall_pine_v2_mid.glb[39m[0m
EditorFileSystem: Importing file: res://assets/packs/temperate_forest_v1/environment/benchmark_v2/tall_pine_v2_mid.glb
[   0% ] [90m[1mimport[22m | Started Import Scene (104 steps)[39m[0m
[   0% ] [90m[1mimport[22m | Importing Scene...[39m[0m
glTF: Total buffers: 1
glTF: Total buffer views: 5
glTF: Total accessors: 4
Loading resource: res://assets/packs/temperate_forest_v1/environment/benchmark_v2/tall_pine_v2_mid_0.png
Loading resource: res://.godot/imported/tall_pine_v2_mid_0.png-e14b6a4745ba6cc61381ef56e8936db1.ctex
glTF: Total images: 1
Total materials: 1
glTF: Parsing mesh: 0
WARNING: glTF import: Buffer view byte stride should be declared for vertex attributes. Assuming packed data and reading anyway.
WARNING: glTF import: Buffer view byte stride should be declared for vertex attributes. Assuming packed data and reading anyway.
WARNING: glTF import: Buffer view byte stride should be declared for vertex attributes. Assuming packed data and reading anyway.
WARNING: glTF import: Buffer view byte stride should be declared for vertex attributes. Assuming packed data and reading anyway.
glTF: Total meshes: 1
glTF: Creating mesh for: tall_pine_v2_mid
[   1% ] [90m[1mimport[22m | Running Custom Script...[39m[0m
[  99% ] [90m[1mimport[22m | Saving...[39m[0m
Saving scene to: res://.godot/imported/tall_pine_v2_mid.glb-860ab788e7e17a1a66e4c5f91a66e081.scn
[92m[ DONE ][39m [1mimport[22m
[0m
EditorFileSystem: "res://assets/packs/temperate_forest_v1/environment/benchmark_v2/tall_pine_v2_mid.glb" import took 12 ms.
[  89% ] [90m[1mreimport[22m | tall_pine_v2_far.glb[39m[0m
EditorFileSystem: Importing file: res://assets/packs/temperate_forest_v1/environment/benchmark_v2/tall_pine_v2_far.glb
[   0% ] [90m[1mimport[22m | Started Import Scene (104 steps)[39m[0m
[   0% ] [90m[1mimport[22m | Importing Scene...[39m[0m
glTF: Total buffers: 1
glTF: Total buffer views: 5
glTF: Total accessors: 4
Loading resource: res://assets/packs/temperate_forest_v1/environment/benchmark_v2/tall_pine_v2_far_0.png
Loading resource: res://.godot/imported/tall_pine_v2_far_0.png-b55f1e5c6f7fdb2a24b44ef1f6990f29.ctex
glTF: Total images: 1
Total materials: 1
glTF: Parsing mesh: 0
WARNING: glTF import: Buffer view byte stride should be declared for vertex attributes. Assuming packed data and reading anyway.
WARNING: glTF import: Buffer view byte stride should be declared for vertex attributes. Assuming packed data and reading anyway.
WARNING: glTF import: Buffer view byte stride should be declared for vertex attributes. Assuming packed data and reading anyway.
WARNING: glTF import: Buffer view byte stride should be declared for vertex attributes. Assuming packed data and reading anyway.
glTF: Total meshes: 1
glTF: Creating mesh for: tall_pine_v2_far
[   1% ] [90m[1mimport[22m | Running Custom Script...[39m[0m
[  99% ] [90m[1mimport[22m | Saving...[39m[0m
Saving scene to: res://.godot/imported/tall_pine_v2_far.glb-483ad2a56577958a36ef23f4d750e5c6.scn
[92m[ DONE ][39m [1mimport[22m
[0m
EditorFileSystem: "res://assets/packs/temperate_forest_v1/environment/benchmark_v2/tall_pine_v2_far.glb" import took 8 ms.
[  90% ] [90m[1mreimport[22m | layered_rock_v2_species2_near.glb[39m[0m
EditorFileSystem: Importing file: res://assets/packs/temperate_forest_v1/environment/benchmark_v2/layered_rock_v2_species2_near.glb
[   0% ] [90m[1mimport[22m | Started Import Scene (104 steps)[39m[0m
[   0% ] [90m[1mimport[22m | Importing Scene...[39m[0m
glTF: Total buffers: 1
glTF: Total buffer views: 5
glTF: Total accessors: 4
Loading resource: res://assets/packs/temperate_forest_v1/environment/benchmark_v2/layered_rock_v2_species2_near_0.png
Loading resource: res://.godot/imported/layered_rock_v2_species2_near_0.png-007b3bd7f08cfe7e4df8cd2c65ce688c.ctex
glTF: Total images: 1
Total materials: 1
glTF: Parsing mesh: 0
WARNING: glTF import: Buffer view byte stride should be declared for vertex attributes. Assuming packed data and reading anyway.
WARNING: glTF import: Buffer view byte stride should be declared for vertex attributes. Assuming packed data and reading anyway.
WARNING: glTF import: Buffer view byte stride should be declared for vertex attributes. Assuming packed data and reading anyway.
WARNING: glTF import: Buffer view byte stride should be declared for vertex attributes. Assuming packed data and reading anyway.
glTF: Total meshes: 1
glTF: Creating mesh for: layered_rock_v2_species2_near
[   1% ] [90m[1mimport[22m | Running Custom Script...[39m[0m
[  99% ] [90m[1mimport[22m | Saving...[39m[0m
Saving scene to: res://.godot/imported/layered_rock_v2_species2_near.glb-3616619f21c0ad77c1f79d7f030b5506.scn
[92m[ DONE ][39m [1mimport[22m
[0m
EditorFileSystem: "res://assets/packs/temperate_forest_v1/environment/benchmark_v2/layered_rock_v2_species2_near.glb" import took 8 ms.
[  90% ] [90m[1mreimport[22m | layered_rock_v2_species2_mid.glb[39m[0m
EditorFileSystem: Importing file: res://assets/packs/temperate_forest_v1/environment/benchmark_v2/layered_rock_v2_species2_mid.glb
[   0% ] [90m[1mimport[22m | Started Import Scene (104 steps)[39m[0m
[   0% ] [90m[1mimport[22m | Importing Scene...[39m[0m
glTF: Total buffers: 1
glTF: Total buffer views: 5
glTF: Total accessors: 4
Loading resource: res://assets/packs/temperate_forest_v1/environment/benchmark_v2/layered_rock_v2_species2_mid_0.png
Loading resource: res://.godot/imported/layered_rock_v2_species2_mid_0.png-4b48d5c38a1125379b7417e7fbc55dd7.ctex
glTF: Total images: 1
Total materials: 1
glTF: Parsing mesh: 0
WARNING: glTF import: Buffer view byte stride should be declared for vertex attributes. Assuming packed data and reading anyway.
WARNING: glTF import: Buffer view byte stride should be declared for vertex attributes. Assuming packed data and reading anyway.
WARNING: glTF import: Buffer view byte stride should be declared for vertex attributes. Assuming packed data and reading anyway.
WARNING: glTF import: Buffer view byte stride should be declared for vertex attributes. Assuming packed data and reading anyway.
glTF: Total meshes: 1
glTF: Creating mesh for: layered_rock_v2_species2_mid
[   1% ] [90m[1mimport[22m | Running Custom Script...[39m[0m
[  99% ] [90m[1mimport[22m | Saving...[39m[0m
Saving scene to: res://.godot/imported/layered_rock_v2_species2_mid.glb-8112eed440f8006efb9ce1fc2e76ee68.scn
[92m[ DONE ][39m [1mimport[22m
[0m
EditorFileSystem: "res://assets/packs/temperate_forest_v1/environment/benchmark_v2/layered_rock_v2_species2_mid.glb" import took 5 ms.
[  91% ] [90m[1mreimport[22m | layered_rock_v2_species2_far.glb[39m[0m
EditorFileSystem: Importing file: res://assets/packs/temperate_forest_v1/environment/benchmark_v2/layered_rock_v2_species2_far.glb
[   0% ] [90m[1mimport[22m | Started Import Scene (104 steps)[39m[0m
[   0% ] [90m[1mimport[22m | Importing Scene...[39m[0m
glTF: Total buffers: 1
glTF: Total buffer views: 5
glTF: Total accessors: 4
Loading resource: res://assets/packs/temperate_forest_v1/environment/benchmark_v2/layered_rock_v2_species2_far_0.png
Loading resource: res://.godot/imported/layered_rock_v2_species2_far_0.png-19001096bf94e6e4dd8182a5ea555036.ctex
glTF: Total images: 1
Total materials: 1
glTF: Parsing mesh: 0
WARNING: glTF import: Buffer view byte stride should be declared for vertex attributes. Assuming packed data and reading anyway.
WARNING: glTF import: Buffer view byte stride should be declared for vertex attributes. Assuming packed data and reading anyway.
WARNING: glTF import: Buffer view byte stride should be declared for vertex attributes. Assuming packed data and reading anyway.
WARNING: glTF import: Buffer view byte stride should be declared for vertex attributes. Assuming packed data and reading anyway.
glTF: Total meshes: 1
glTF: Creating mesh for: layered_rock_v2_species2_far
[   1% ] [90m[1mimport[22m | Running Custom Script...[39m[0m
[  99% ] [90m[1mimport[22m | Saving...[39m[0m
Saving scene to: res://.godot/imported/layered_rock_v2_species2_far.glb-91f95545d99006e8c1e434816156f1b8.scn
[92m[ DONE ][39m [1mimport[22m
[0m
EditorFileSystem: "res://assets/packs/temperate_forest_v1/environment/benchmark_v2/layered_rock_v2_species2_far.glb" import took 3 ms.
[  91% ] [90m[1mreimport[22m | layered_rock_v2_species1_near.glb[39m[0m
EditorFileSystem: Importing file: res://assets/packs/temperate_forest_v1/environment/benchmark_v2/layered_rock_v2_species1_near.glb
[   0% ] [90m[1mimport[22m | Started Import Scene (104 steps)[39m[0m
[   0% ] [90m[1mimport[22m | Importing Scene...[39m[0m
glTF: Total buffers: 1
glTF: Total buffer views: 5
glTF: Total accessors: 4
Loading resource: res://assets/packs/temperate_forest_v1/environment/benchmark_v2/layered_rock_v2_species1_near_0.png
Loading resource: res://.godot/imported/layered_rock_v2_species1_near_0.png-9834e226265016110dfed50c17e58278.ctex
glTF: Total images: 1
Total materials: 1
glTF: Parsing mesh: 0
WARNING: glTF import: Buffer view byte stride should be declared for vertex attributes. Assuming packed data and reading anyway.
WARNING: glTF import: Buffer view byte stride should be declared for vertex attributes. Assuming packed data and reading anyway.
WARNING: glTF import: Buffer view byte stride should be declared for vertex attributes. Assuming packed data and reading anyway.
WARNING: glTF import: Buffer view byte stride should be declared for vertex attributes. Assuming packed data and reading anyway.
glTF: Total meshes: 1
glTF: Creating mesh for: layered_rock_v2_species1_near
[   1% ] [90m[1mimport[22m | Running Custom Script...[39m[0m
[  99% ] [90m[1mimport[22m | Saving...[39m[0m
Saving scene to: res://.godot/imported/layered_rock_v2_species1_near.glb-45ad8b01bd0ee519cca97ce753d25a3d.scn
[92m[ DONE ][39m [1mimport[22m
[0m
EditorFileSystem: "res://assets/packs/temperate_forest_v1/environment/benchmark_v2/layered_rock_v2_species1_near.glb" import took 7 ms.
[  91% ] [90m[1mreimport[22m | layered_rock_v2_species1_mid.glb[39m[0m
EditorFileSystem: Importing file: res://assets/packs/temperate_forest_v1/environment/benchmark_v2/layered_rock_v2_species1_mid.glb
[   0% ] [90m[1mimport[22m | Started Import Scene (104 steps)[39m[0m
[   0% ] [90m[1mimport[22m | Importing Scene...[39m[0m
glTF: Total buffers: 1
glTF: Total buffer views: 5
glTF: Total accessors: 4
Loading resource: res://assets/packs/temperate_forest_v1/environment/benchmark_v2/layered_rock_v2_species1_mid_0.png
Loading resource: res://.godot/imported/layered_rock_v2_species1_mid_0.png-344adaa99392e0850c700acc452380f0.ctex
glTF: Total images: 1
Total materials: 1
glTF: Parsing mesh: 0
WARNING: glTF import: Buffer view byte stride should be declared for vertex attributes. Assuming packed data and reading anyway.
WARNING: glTF import: Buffer view byte stride should be declared for vertex attributes. Assuming packed data and reading anyway.
WARNING: glTF import: Buffer view byte stride should be declared for vertex attributes. Assuming packed data and reading anyway.
WARNING: glTF import: Buffer view byte stride should be declared for vertex attributes. Assuming packed data and reading anyway.
glTF: Total meshes: 1
glTF: Creating mesh for: layered_rock_v2_species1_mid
[   1% ] [90m[1mimport[22m | Running Custom Script...[39m[0m
[  99% ] [90m[1mimport[22m | Saving...[39m[0m
Saving scene to: res://.godot/imported/layered_rock_v2_species1_mid.glb-9ca34d0b10def5dcc628b5886a612767.scn
[92m[ DONE ][39m [1mimport[22m
[0m
EditorFileSystem: "res://assets/packs/temperate_forest_v1/environment/benchmark_v2/layered_rock_v2_species1_mid.glb" import took 3 ms.
[  92% ] [90m[1mreimport[22m | layered_rock_v2_species1_far.glb[39m[0m
EditorFileSystem: Importing file: res://assets/packs/temperate_forest_v1/environment/benchmark_v2/layered_rock_v2_species1_far.glb
[   0% ] [90m[1mimport[22m | Started Import Scene (104 steps)[39m[0m
[   0% ] [90m[1mimport[22m | Importing Scene...[39m[0m
glTF: Total buffers: 1
glTF: Total buffer views: 5
glTF: Total accessors: 4
Loading resource: res://assets/packs/temperate_forest_v1/environment/benchmark_v2/layered_rock_v2_species1_far_0.png
Loading resource: res://.godot/imported/layered_rock_v2_species1_far_0.png-a89ea7550beda0dd47ea1bcfb9fa88d3.ctex
glTF: Total images: 1
Total materials: 1
glTF: Parsing mesh: 0
WARNING: glTF import: Buffer view byte stride should be declared for vertex attributes. Assuming packed data and reading anyway.
WARNING: glTF import: Buffer view byte stride should be declared for vertex attributes. Assuming packed data and reading anyway.
WARNING: glTF import: Buffer view byte stride should be declared for vertex attributes. Assuming packed data and reading anyway.
WARNING: glTF import: Buffer view byte stride should be declared for vertex attributes. Assuming packed data and reading anyway.
glTF: Total meshes: 1
glTF: Creating mesh for: layered_rock_v2_species1_far
[   1% ] [90m[1mimport[22m | Running Custom Script...[39m[0m
[  99% ] [90m[1mimport[22m | Saving...[39m[0m
Saving scene to: res://.godot/imported/layered_rock_v2_species1_far.glb-3229a7c7c804b6add7226cc328fc3e22.scn
[92m[ DONE ][39m [1mimport[22m
[0m
EditorFileSystem: "res://assets/packs/temperate_forest_v1/environment/benchmark_v2/layered_rock_v2_species1_far.glb" import took 2 ms.
[  92% ] [90m[1mreimport[22m | layered_rock_v2_near.glb[39m[0m
EditorFileSystem: Importing file: res://assets/packs/temperate_forest_v1/environment/benchmark_v2/layered_rock_v2_near.glb
[   0% ] [90m[1mimport[22m | Started Import Scene (104 steps)[39m[0m
[   0% ] [90m[1mimport[22m | Importing Scene...[39m[0m
glTF: Total buffers: 1
glTF: Total buffer views: 5
glTF: Total accessors: 4
Loading resource: res://assets/packs/temperate_forest_v1/environment/benchmark_v2/layered_rock_v2_near_0.png
Loading resource: res://.godot/imported/layered_rock_v2_near_0.png-30d9f7befd29eef7b7598158cf822d49.ctex
glTF: Total images: 1
Total materials: 1
glTF: Parsing mesh: 0
WARNING: glTF import: Buffer view byte stride should be declared for vertex attributes. Assuming packed data and reading anyway.
WARNING: glTF import: Buffer view byte stride should be declared for vertex attributes. Assuming packed data and reading anyway.
WARNING: glTF import: Buffer view byte stride should be declared for vertex attributes. Assuming packed data and reading anyway.
WARNING: glTF import: Buffer view byte stride should be declared for vertex attributes. Assuming packed data and reading anyway.
glTF: Total meshes: 1
glTF: Creating mesh for: layered_rock_v2_near
[   1% ] [90m[1mimport[22m | Running Custom Script...[39m[0m
[  99% ] [90m[1mimport[22m | Saving...[39m[0m
Saving scene to: res://.godot/imported/layered_rock_v2_near.glb-75a41fa74587ecac8fc12aeaeea3d751.scn
[92m[ DONE ][39m [1mimport[22m
[0m
EditorFileSystem: "res://assets/packs/temperate_forest_v1/environment/benchmark_v2/layered_rock_v2_near.glb" import took 6 ms.
[  93% ] [90m[1mreimport[22m | layered_rock_v2_mid.glb[39m[0m
EditorFileSystem: Importing file: res://assets/packs/temperate_forest_v1/environment/benchmark_v2/layered_rock_v2_mid.glb
[   0% ] [90m[1mimport[22m | Started Import Scene (104 steps)[39m[0m
[   0% ] [90m[1mimport[22m | Importing Scene...[39m[0m
glTF: Total buffers: 1
glTF: Total buffer views: 5
glTF: Total accessors: 4
Loading resource: res://assets/packs/temperate_forest_v1/environment/benchmark_v2/layered_rock_v2_mid_0.png
Loading resource: res://.godot/imported/layered_rock_v2_mid_0.png-85513481cc7bb143dd18e97c3e1b3bba.ctex
glTF: Total images: 1
Total materials: 1
glTF: Parsing mesh: 0
WARNING: glTF import: Buffer view byte stride should be declared for vertex attributes. Assuming packed data and reading anyway.
WARNING: glTF import: Buffer view byte stride should be declared for vertex attributes. Assuming packed data and reading anyway.
WARNING: glTF import: Buffer view byte stride should be declared for vertex attributes. Assuming packed data and reading anyway.
WARNING: glTF import: Buffer view byte stride should be declared for vertex attributes. Assuming packed data and reading anyway.
glTF: Total meshes: 1
glTF: Creating mesh for: layered_rock_v2_mid
[   1% ] [90m[1mimport[22m | Running Custom Script...[39m[0m
[  99% ] [90m[1mimport[22m | Saving...[39m[0m
Saving scene to: res://.godot/imported/layered_rock_v2_mid.glb-c38b1cb9c659d90d872ac6c7b51f4f65.scn
[92m[ DONE ][39m [1mimport[22m
[0m
EditorFileSystem: "res://assets/packs/temperate_forest_v1/environment/benchmark_v2/layered_rock_v2_mid.glb" import took 4 ms.
[  93% ] [90m[1mreimport[22m | layered_rock_v2_far.glb[39m[0m
EditorFileSystem: Importing file: res://assets/packs/temperate_forest_v1/environment/benchmark_v2/layered_rock_v2_far.glb
[   0% ] [90m[1mimport[22m | Started Import Scene (104 steps)[39m[0m
[   0% ] [90m[1mimport[22m | Importing Scene...[39m[0m
glTF: Total buffers: 1
glTF: Total buffer views: 5
glTF: Total accessors: 4
Loading resource: res://assets/packs/temperate_forest_v1/environment/benchmark_v2/layered_rock_v2_far_0.png
Loading resource: res://.godot/imported/layered_rock_v2_far_0.png-3bc3975073e4e9b84d4ac029311cbb06.ctex
glTF: Total images: 1
Total materials: 1
glTF: Parsing mesh: 0
WARNING: glTF import: Buffer view byte stride should be declared for vertex attributes. Assuming packed data and reading anyway.
WARNING: glTF import: Buffer view byte stride should be declared for vertex attributes. Assuming packed data and reading anyway.
WARNING: glTF import: Buffer view byte stride should be declared for vertex attributes. Assuming packed data and reading anyway.
WARNING: glTF import: Buffer view byte stride should be declared for vertex attributes. Assuming packed data and reading anyway.
glTF: Total meshes: 1
glTF: Creating mesh for: layered_rock_v2_far
[   1% ] [90m[1mimport[22m | Running Custom Script...[39m[0m
[  99% ] [90m[1mimport[22m | Saving...[39m[0m
Saving scene to: res://.godot/imported/layered_rock_v2_far.glb-c8eba3c47bdfa0fab33b20f45094a6f5.scn
[92m[ DONE ][39m [1mimport[22m
[0m
EditorFileSystem: "res://assets/packs/temperate_forest_v1/environment/benchmark_v2/layered_rock_v2_far.glb" import took 3 ms.
[  93% ] [90m[1mreimport[22m | grass_tuft_v2_species2_near.glb[39m[0m
EditorFileSystem: Importing file: res://assets/packs/temperate_forest_v1/environment/benchmark_v2/grass_tuft_v2_species2_near.glb
[   0% ] [90m[1mimport[22m | Started Import Scene (104 steps)[39m[0m
[   0% ] [90m[1mimport[22m | Importing Scene...[39m[0m
glTF: Total buffers: 1
glTF: Total buffer views: 5
glTF: Total accessors: 4
Loading resource: res://assets/packs/temperate_forest_v1/environment/benchmark_v2/grass_tuft_v2_species2_near_0.png
Loading resource: res://.godot/imported/grass_tuft_v2_species2_near_0.png-95195ed9faf41a46628ef0f87f6c2484.ctex
glTF: Total images: 1
Total materials: 1
glTF: Parsing mesh: 0
WARNING: glTF import: Buffer view byte stride should be declared for vertex attributes. Assuming packed data and reading anyway.
WARNING: glTF import: Buffer view byte stride should be declared for vertex attributes. Assuming packed data and reading anyway.
WARNING: glTF import: Buffer view byte stride should be declared for vertex attributes. Assuming packed data and reading anyway.
WARNING: glTF import: Buffer view byte stride should be declared for vertex attributes. Assuming packed data and reading anyway.
glTF: Total meshes: 1
glTF: Creating mesh for: grass_tuft_v2_species2_near
[   1% ] [90m[1mimport[22m | Running Custom Script...[39m[0m
[  99% ] [90m[1mimport[22m | Saving...[39m[0m
Saving scene to: res://.godot/imported/grass_tuft_v2_species2_near.glb-b3ca75030ffd89397650e5cbeb38c341.scn
[92m[ DONE ][39m [1mimport[22m
[0m
EditorFileSystem: "res://assets/packs/temperate_forest_v1/environment/benchmark_v2/grass_tuft_v2_species2_near.glb" import took 10 ms.
[  94% ] [90m[1mreimport[22m | grass_tuft_v2_species2_mid.glb[39m[0m
EditorFileSystem: Importing file: res://assets/packs/temperate_forest_v1/environment/benchmark_v2/grass_tuft_v2_species2_mid.glb
[   0% ] [90m[1mimport[22m | Started Import Scene (104 steps)[39m[0m
[   0% ] [90m[1mimport[22m | Importing Scene...[39m[0m
glTF: Total buffers: 1
glTF: Total buffer views: 5
glTF: Total accessors: 4
Loading resource: res://assets/packs/temperate_forest_v1/environment/benchmark_v2/grass_tuft_v2_species2_mid_0.png
Loading resource: res://.godot/imported/grass_tuft_v2_species2_mid_0.png-e074b5e2cd71353a7ac5611d62d9ac40.ctex
glTF: Total images: 1
Total materials: 1
glTF: Parsing mesh: 0
WARNING: glTF import: Buffer view byte stride should be declared for vertex attributes. Assuming packed data and reading anyway.
WARNING: glTF import: Buffer view byte stride should be declared for vertex attributes. Assuming packed data and reading anyway.
WARNING: glTF import: Buffer view byte stride should be declared for vertex attributes. Assuming packed data and reading anyway.
WARNING: glTF import: Buffer view byte stride should be declared for vertex attributes. Assuming packed data and reading anyway.
glTF: Total meshes: 1
glTF: Creating mesh for: grass_tuft_v2_species2_mid
[   1% ] [90m[1mimport[22m | Running Custom Script...[39m[0m
[  99% ] [90m[1mimport[22m | Saving...[39m[0m
Saving scene to: res://.godot/imported/grass_tuft_v2_species2_mid.glb-a78661b02a0fc0fcdd1a7b2f59bd0a07.scn
[92m[ DONE ][39m [1mimport[22m
[0m
EditorFileSystem: "res://assets/packs/temperate_forest_v1/environment/benchmark_v2/grass_tuft_v2_species2_mid.glb" import took 4 ms.
[  94% ] [90m[1mreimport[22m | grass_tuft_v2_species2_far.glb[39m[0m
EditorFileSystem: Importing file: res://assets/packs/temperate_forest_v1/environment/benchmark_v2/grass_tuft_v2_species2_far.glb
[   0% ] [90m[1mimport[22m | Started Import Scene (104 steps)[39m[0m
[   0% ] [90m[1mimport[22m | Importing Scene...[39m[0m
glTF: Total buffers: 1
glTF: Total buffer views: 5
glTF: Total accessors: 4
Loading resource: res://assets/packs/temperate_forest_v1/environment/benchmark_v2/grass_tuft_v2_species2_far_0.png
Loading resource: res://.godot/imported/grass_tuft_v2_species2_far_0.png-b9066e2d3f6c9957f11b327e94f4b8f8.ctex
glTF: Total images: 1
Total materials: 1
glTF: Parsing mesh: 0
WARNING: glTF import: Buffer view byte stride should be declared for vertex attributes. Assuming packed data and reading anyway.
WARNING: glTF import: Buffer view byte stride should be declared for vertex attributes. Assuming packed data and reading anyway.
WARNING: glTF import: Buffer view byte stride should be declared for vertex attributes. Assuming packed data and reading anyway.
WARNING: glTF import: Buffer view byte stride should be declared for vertex attributes. Assuming packed data and reading anyway.
glTF: Total meshes: 1
glTF: Creating mesh for: grass_tuft_v2_species2_far
[   1% ] [90m[1mimport[22m | Running Custom Script...[39m[0m
[  99% ] [90m[1mimport[22m | Saving...[39m[0m
Saving scene to: res://.godot/imported/grass_tuft_v2_species2_far.glb-ada23148b4c72bc321dcd7784da0f454.scn
[92m[ DONE ][39m [1mimport[22m
[0m
EditorFileSystem: "res://assets/packs/temperate_forest_v1/environment/benchmark_v2/grass_tuft_v2_species2_far.glb" import took 2 ms.
[  95% ] [90m[1mreimport[22m | grass_tuft_v2_species1_near.glb[39m[0m
EditorFileSystem: Importing file: res://assets/packs/temperate_forest_v1/environment/benchmark_v2/grass_tuft_v2_species1_near.glb
[   0% ] [90m[1mimport[22m | Started Import Scene (104 steps)[39m[0m
[   0% ] [90m[1mimport[22m | Importing Scene...[39m[0m
glTF: Total buffers: 1
glTF: Total buffer views: 5
glTF: Total accessors: 4
Loading resource: res://assets/packs/temperate_forest_v1/environment/benchmark_v2/grass_tuft_v2_species1_near_0.png
Loading resource: res://.godot/imported/grass_tuft_v2_species1_near_0.png-c7558e187f98a54a2b64426503068db6.ctex
glTF: Total images: 1
Total materials: 1
glTF: Parsing mesh: 0
WARNING: glTF import: Buffer view byte stride should be declared for vertex attributes. Assuming packed data and reading anyway.
WARNING: glTF import: Buffer view byte stride should be declared for vertex attributes. Assuming packed data and reading anyway.
WARNING: glTF import: Buffer view byte stride should be declared for vertex attributes. Assuming packed data and reading anyway.
WARNING: glTF import: Buffer view byte stride should be declared for vertex attributes. Assuming packed data and reading anyway.
glTF: Total meshes: 1
glTF: Creating mesh for: grass_tuft_v2_species1_near
[   1% ] [90m[1mimport[22m | Running Custom Script...[39m[0m
[  99% ] [90m[1mimport[22m | Saving...[39m[0m
Saving scene to: res://.godot/imported/grass_tuft_v2_species1_near.glb-a4d0fd681191dd2b4da73ec43d960b00.scn
[92m[ DONE ][39m [1mimport[22m
[0m
EditorFileSystem: "res://assets/packs/temperate_forest_v1/environment/benchmark_v2/grass_tuft_v2_species1_near.glb" import took 8 ms.
[  95% ] [90m[1mreimport[22m | grass_tuft_v2_species1_mid.glb[39m[0m
EditorFileSystem: Importing file: res://assets/packs/temperate_forest_v1/environment/benchmark_v2/grass_tuft_v2_species1_mid.glb
[   0% ] [90m[1mimport[22m | Started Import Scene (104 steps)[39m[0m
[   0% ] [90m[1mimport[22m | Importing Scene...[39m[0m
glTF: Total buffers: 1
glTF: Total buffer views: 5
glTF: Total accessors: 4
Loading resource: res://assets/packs/temperate_forest_v1/environment/benchmark_v2/grass_tuft_v2_species1_mid_0.png
Loading resource: res://.godot/imported/grass_tuft_v2_species1_mid_0.png-23497218ea03c26e1c0c1c376605b721.ctex
glTF: Total images: 1
Total materials: 1
glTF: Parsing mesh: 0
WARNING: glTF import: Buffer view byte stride should be declared for vertex attributes. Assuming packed data and reading anyway.
WARNING: glTF import: Buffer view byte stride should be declared for vertex attributes. Assuming packed data and reading anyway.
WARNING: glTF import: Buffer view byte stride should be declared for vertex attributes. Assuming packed data and reading anyway.
WARNING: glTF import: Buffer view byte stride should be declared for vertex attributes. Assuming packed data and reading anyway.
glTF: Total meshes: 1
glTF: Creating mesh for: grass_tuft_v2_species1_mid
[   1% ] [90m[1mimport[22m | Running Custom Script...[39m[0m
[  99% ] [90m[1mimport[22m | Saving...[39m[0m
Saving scene to: res://.godot/imported/grass_tuft_v2_species1_mid.glb-f4efd07860c6ac03df6c4fe9476bf617.scn
[92m[ DONE ][39m [1mimport[22m
[0m
EditorFileSystem: "res://assets/packs/temperate_forest_v1/environment/benchmark_v2/grass_tuft_v2_species1_mid.glb" import took 5 ms.
[  95% ] [90m[1mreimport[22m | grass_tuft_v2_species1_far.glb[39m[0m
EditorFileSystem: Importing file: res://assets/packs/temperate_forest_v1/environment/benchmark_v2/grass_tuft_v2_species1_far.glb
[   0% ] [90m[1mimport[22m | Started Import Scene (104 steps)[39m[0m
[   0% ] [90m[1mimport[22m | Importing Scene...[39m[0m
glTF: Total buffers: 1
glTF: Total buffer views: 5
glTF: Total accessors: 4
Loading resource: res://assets/packs/temperate_forest_v1/environment/benchmark_v2/grass_tuft_v2_species1_far_0.png
Loading resource: res://.godot/imported/grass_tuft_v2_species1_far_0.png-dc9f997fe8c6aa6960b4dcb0a5c88723.ctex
glTF: Total images: 1
Total materials: 1
glTF: Parsing mesh: 0
WARNING: glTF import: Buffer view byte stride should be declared for vertex attributes. Assuming packed data and reading anyway.
WARNING: glTF import: Buffer view byte stride should be declared for vertex attributes. Assuming packed data and reading anyway.
WARNING: glTF import: Buffer view byte stride should be declared for vertex attributes. Assuming packed data and reading anyway.
WARNING: glTF import: Buffer view byte stride should be declared for vertex attributes. Assuming packed data and reading anyway.
glTF: Total meshes: 1
glTF: Creating mesh for: grass_tuft_v2_species1_far
[   1% ] [90m[1mimport[22m | Running Custom Script...[39m[0m
[  99% ] [90m[1mimport[22m | Saving...[39m[0m
Saving scene to: res://.godot/imported/grass_tuft_v2_species1_far.glb-d2d036f776badaccc581a7821311134d.scn
[92m[ DONE ][39m [1mimport[22m
[0m
EditorFileSystem: "res://assets/packs/temperate_forest_v1/environment/benchmark_v2/grass_tuft_v2_species1_far.glb" import took 9 ms.
[  96% ] [90m[1mreimport[22m | grass_tuft_v2_near.glb[39m[0m
EditorFileSystem: Importing file: res://assets/packs/temperate_forest_v1/environment/benchmark_v2/grass_tuft_v2_near.glb
[   0% ] [90m[1mimport[22m | Started Import Scene (104 steps)[39m[0m
[   0% ] [90m[1mimport[22m | Importing Scene...[39m[0m
glTF: Total buffers: 1
glTF: Total buffer views: 5
glTF: Total accessors: 4
Loading resource: res://assets/packs/temperate_forest_v1/environment/benchmark_v2/grass_tuft_v2_near_0.png
Loading resource: res://.godot/imported/grass_tuft_v2_near_0.png-910795bfe794b8419a094767e2fc85cc.ctex
glTF: Total images: 1
Total materials: 1
glTF: Parsing mesh: 0
WARNING: glTF import: Buffer view byte stride should be declared for vertex attributes. Assuming packed data and reading anyway.
WARNING: glTF import: Buffer view byte stride should be declared for vertex attributes. Assuming packed data and reading anyway.
WARNING: glTF import: Buffer view byte stride should be declared for vertex attributes. Assuming packed data and reading anyway.
WARNING: glTF import: Buffer view byte stride should be declared for vertex attributes. Assuming packed data and reading anyway.
glTF: Total meshes: 1
glTF: Creating mesh for: grass_tuft_v2_near
[   1% ] [90m[1mimport[22m | Running Custom Script...[39m[0m
[  99% ] [90m[1mimport[22m | Saving...[39m[0m
Saving scene to: res://.godot/imported/grass_tuft_v2_near.glb-42f44a16957bf711f70fd937d9bd99cf.scn
[92m[ DONE ][39m [1mimport[22m
[0m
EditorFileSystem: "res://assets/packs/temperate_forest_v1/environment/benchmark_v2/grass_tuft_v2_near.glb" import took 9 ms.
[  96% ] [90m[1mreimport[22m | grass_tuft_v2_mid.glb[39m[0m
EditorFileSystem: Importing file: res://assets/packs/temperate_forest_v1/environment/benchmark_v2/grass_tuft_v2_mid.glb
[   0% ] [90m[1mimport[22m | Started Import Scene (104 steps)[39m[0m
[   0% ] [90m[1mimport[22m | Importing Scene...[39m[0m
glTF: Total buffers: 1
glTF: Total buffer views: 5
glTF: Total accessors: 4
Loading resource: res://assets/packs/temperate_forest_v1/environment/benchmark_v2/grass_tuft_v2_mid_0.png
Loading resource: res://.godot/imported/grass_tuft_v2_mid_0.png-b5aa92be9dcd6516e53c3be51714a24b.ctex
glTF: Total images: 1
Total materials: 1
glTF: Parsing mesh: 0
WARNING: glTF import: Buffer view byte stride should be declared for vertex attributes. Assuming packed data and reading anyway.
WARNING: glTF import: Buffer view byte stride should be declared for vertex attributes. Assuming packed data and reading anyway.
WARNING: glTF import: Buffer view byte stride should be declared for vertex attributes. Assuming packed data and reading anyway.
WARNING: glTF import: Buffer view byte stride should be declared for vertex attributes. Assuming packed data and reading anyway.
glTF: Total meshes: 1
glTF: Creating mesh for: grass_tuft_v2_mid
[   1% ] [90m[1mimport[22m | Running Custom Script...[39m[0m
[  99% ] [90m[1mimport[22m | Saving...[39m[0m
Saving scene to: res://.godot/imported/grass_tuft_v2_mid.glb-d99cf16b7969fd4038b329bf8a874802.scn
[92m[ DONE ][39m [1mimport[22m
[0m
EditorFileSystem: "res://assets/packs/temperate_forest_v1/environment/benchmark_v2/grass_tuft_v2_mid.glb" import took 3 ms.
[  97% ] [90m[1mreimport[22m | grass_tuft_v2_far.glb[39m[0m
EditorFileSystem: Importing file: res://assets/packs/temperate_forest_v1/environment/benchmark_v2/grass_tuft_v2_far.glb
[   0% ] [90m[1mimport[22m | Started Import Scene (104 steps)[39m[0m
[   0% ] [90m[1mimport[22m | Importing Scene...[39m[0m
glTF: Total buffers: 1
glTF: Total buffer views: 5
glTF: Total accessors: 4
Loading resource: res://assets/packs/temperate_forest_v1/environment/benchmark_v2/grass_tuft_v2_far_0.png
Loading resource: res://.godot/imported/grass_tuft_v2_far_0.png-d8d7f050bb1be848439ab6818493f3d5.ctex
glTF: Total images: 1
Total materials: 1
glTF: Parsing mesh: 0
WARNING: glTF import: Buffer view byte stride should be declared for vertex attributes. Assuming packed data and reading anyway.
WARNING: glTF import: Buffer view byte stride should be declared for vertex attributes. Assuming packed data and reading anyway.
WARNING: glTF import: Buffer view byte stride should be declared for vertex attributes. Assuming packed data and reading anyway.
WARNING: glTF import: Buffer view byte stride should be declared for vertex attributes. Assuming packed data and reading anyway.
glTF: Total meshes: 1
glTF: Creating mesh for: grass_tuft_v2_far
[   1% ] [90m[1mimport[22m | Running Custom Script...[39m[0m
[  99% ] [90m[1mimport[22m | Saving...[39m[0m
Saving scene to: res://.godot/imported/grass_tuft_v2_far.glb-55eb6d4f75d7e4619eeb637d52f3e6d3.scn
[92m[ DONE ][39m [1mimport[22m
[0m
EditorFileSystem: "res://assets/packs/temperate_forest_v1/environment/benchmark_v2/grass_tuft_v2_far.glb" import took 3 ms.
[  97% ] [90m[1mreimport[22m | flower_cluster_v2_species2_near.glb[39m[0m
EditorFileSystem: Importing file: res://assets/packs/temperate_forest_v1/environment/benchmark_v2/flower_cluster_v2_species2_near.glb
[   0% ] [90m[1mimport[22m | Started Import Scene (104 steps)[39m[0m
[   0% ] [90m[1mimport[22m | Importing Scene...[39m[0m
glTF: Total buffers: 1
glTF: Total buffer views: 5
glTF: Total accessors: 4
Loading resource: res://assets/packs/temperate_forest_v1/environment/benchmark_v2/flower_cluster_v2_species2_near_0.png
Loading resource: res://.godot/imported/flower_cluster_v2_species2_near_0.png-b0a38c503e91abe03655f61bc16f70fd.ctex
glTF: Total images: 1
Total materials: 1
glTF: Parsing mesh: 0
WARNING: glTF import: Buffer view byte stride should be declared for vertex attributes. Assuming packed data and reading anyway.
WARNING: glTF import: Buffer view byte stride should be declared for vertex attributes. Assuming packed data and reading anyway.
WARNING: glTF import: Buffer view byte stride should be declared for vertex attributes. Assuming packed data and reading anyway.
WARNING: glTF import: Buffer view byte stride should be declared for vertex attributes. Assuming packed data and reading anyway.
glTF: Total meshes: 1
glTF: Creating mesh for: flower_cluster_v2_species2_near
[   1% ] [90m[1mimport[22m | Running Custom Script...[39m[0m
[  99% ] [90m[1mimport[22m | Saving...[39m[0m
Saving scene to: res://.godot/imported/flower_cluster_v2_species2_near.glb-81eaefc3184e63a44610a131335a3e2f.scn
[92m[ DONE ][39m [1mimport[22m
[0m
EditorFileSystem: "res://assets/packs/temperate_forest_v1/environment/benchmark_v2/flower_cluster_v2_species2_near.glb" import took 16 ms.
[  97% ] [90m[1mreimport[22m | flower_cluster_v2_species2_mid.glb[39m[0m
EditorFileSystem: Importing file: res://assets/packs/temperate_forest_v1/environment/benchmark_v2/flower_cluster_v2_species2_mid.glb
[   0% ] [90m[1mimport[22m | Started Import Scene (104 steps)[39m[0m
[   0% ] [90m[1mimport[22m | Importing Scene...[39m[0m
glTF: Total buffers: 1
glTF: Total buffer views: 5
glTF: Total accessors: 4
Loading resource: res://assets/packs/temperate_forest_v1/environment/benchmark_v2/flower_cluster_v2_species2_mid_0.png
Loading resource: res://.godot/imported/flower_cluster_v2_species2_mid_0.png-dabafe54dd8c1e70d5eaad1ed11a2d4e.ctex
glTF: Total images: 1
Total materials: 1
glTF: Parsing mesh: 0
WARNING: glTF import: Buffer view byte stride should be declared for vertex attributes. Assuming packed data and reading anyway.
WARNING: glTF import: Buffer view byte stride should be declared for vertex attributes. Assuming packed data and reading anyway.
WARNING: glTF import: Buffer view byte stride should be declared for vertex attributes. Assuming packed data and reading anyway.
WARNING: glTF import: Buffer view byte stride should be declared for vertex attributes. Assuming packed data and reading anyway.
glTF: Total meshes: 1
glTF: Creating mesh for: flower_cluster_v2_species2_mid
[   1% ] [90m[1mimport[22m | Running Custom Script...[39m[0m
[  99% ] [90m[1mimport[22m | Saving...[39m[0m
Saving scene to: res://.godot/imported/flower_cluster_v2_species2_mid.glb-ab4bf7740672acb2760987479eafc1de.scn
[92m[ DONE ][39m [1mimport[22m
[0m
EditorFileSystem: "res://assets/packs/temperate_forest_v1/environment/benchmark_v2/flower_cluster_v2_species2_mid.glb" import took 6 ms.
[  98% ] [90m[1mreimport[22m | flower_cluster_v2_species2_far.glb[39m[0m
EditorFileSystem: Importing file: res://assets/packs/temperate_forest_v1/environment/benchmark_v2/flower_cluster_v2_species2_far.glb
[   0% ] [90m[1mimport[22m | Started Import Scene (104 steps)[39m[0m
[   0% ] [90m[1mimport[22m | Importing Scene...[39m[0m
glTF: Total buffers: 1
glTF: Total buffer views: 5
glTF: Total accessors: 4
Loading resource: res://assets/packs/temperate_forest_v1/environment/benchmark_v2/flower_cluster_v2_species2_far_0.png
Loading resource: res://.godot/imported/flower_cluster_v2_species2_far_0.png-4ce4894e1b0a44e7d77bfe20e0b9aa5b.ctex
glTF: Total images: 1
Total materials: 1
glTF: Parsing mesh: 0
WARNING: glTF import: Buffer view byte stride should be declared for vertex attributes. Assuming packed data and reading anyway.
WARNING: glTF import: Buffer view byte stride should be declared for vertex attributes. Assuming packed data and reading anyway.
WARNING: glTF import: Buffer view byte stride should be declared for vertex attributes. Assuming packed data and reading anyway.
WARNING: glTF import: Buffer view byte stride should be declared for vertex attributes. Assuming packed data and reading anyway.
glTF: Total meshes: 1
glTF: Creating mesh for: flower_cluster_v2_species2_far
[   1% ] [90m[1mimport[22m | Running Custom Script...[39m[0m
[  99% ] [90m[1mimport[22m | Saving...[39m[0m
Saving scene to: res://.godot/imported/flower_cluster_v2_species2_far.glb-4b7187a58257c0b8799c12f43a51d1bb.scn
[92m[ DONE ][39m [1mimport[22m
[0m
EditorFileSystem: "res://assets/packs/temperate_forest_v1/environment/benchmark_v2/flower_cluster_v2_species2_far.glb" import took 3 ms.
[  98% ] [90m[1mreimport[22m | flower_cluster_v2_species1_near.glb[39m[0m
EditorFileSystem: Importing file: res://assets/packs/temperate_forest_v1/environment/benchmark_v2/flower_cluster_v2_species1_near.glb
[   0% ] [90m[1mimport[22m | Started Import Scene (104 steps)[39m[0m
[   0% ] [90m[1mimport[22m | Importing Scene...[39m[0m
glTF: Total buffers: 1
glTF: Total buffer views: 5
glTF: Total accessors: 4
Loading resource: res://assets/packs/temperate_forest_v1/environment/benchmark_v2/flower_cluster_v2_species1_near_0.png
Loading resource: res://.godot/imported/flower_cluster_v2_species1_near_0.png-bc9efea6207b481b8333d3ae5de508fd.ctex
glTF: Total images: 1
Total materials: 1
glTF: Parsing mesh: 0
WARNING: glTF import: Buffer view byte stride should be declared for vertex attributes. Assuming packed data and reading anyway.
WARNING: glTF import: Buffer view byte stride should be declared for vertex attributes. Assuming packed data and reading anyway.
WARNING: glTF import: Buffer view byte stride should be declared for vertex attributes. Assuming packed data and reading anyway.
WARNING: glTF import: Buffer view byte stride should be declared for vertex attributes. Assuming packed data and reading anyway.
glTF: Total meshes: 1
glTF: Creating mesh for: flower_cluster_v2_species1_near
[   1% ] [90m[1mimport[22m | Running Custom Script...[39m[0m
[  99% ] [90m[1mimport[22m | Saving...[39m[0m
Saving scene to: res://.godot/imported/flower_cluster_v2_species1_near.glb-4b87409e896ac05c254137c30b181a47.scn
[92m[ DONE ][39m [1mimport[22m
[0m
EditorFileSystem: "res://assets/packs/temperate_forest_v1/environment/benchmark_v2/flower_cluster_v2_species1_near.glb" import took 15 ms.
[  99% ] [90m[1mreimport[22m | flower_cluster_v2_species1_mid.glb[39m[0m
EditorFileSystem: Importing file: res://assets/packs/temperate_forest_v1/environment/benchmark_v2/flower_cluster_v2_species1_mid.glb
[   0% ] [90m[1mimport[22m | Started Import Scene (104 steps)[39m[0m
[   0% ] [90m[1mimport[22m | Importing Scene...[39m[0m
glTF: Total buffers: 1
glTF: Total buffer views: 5
glTF: Total accessors: 4
Loading resource: res://assets/packs/temperate_forest_v1/environment/benchmark_v2/flower_cluster_v2_species1_mid_0.png
Loading resource: res://.godot/imported/flower_cluster_v2_species1_mid_0.png-3114d9a53d318e5b6460694c463855fc.ctex
glTF: Total images: 1
Total materials: 1
glTF: Parsing mesh: 0
WARNING: glTF import: Buffer view byte stride should be declared for vertex attributes. Assuming packed data and reading anyway.
WARNING: glTF import: Buffer view byte stride should be declared for vertex attributes. Assuming packed data and reading anyway.
WARNING: glTF import: Buffer view byte stride should be declared for vertex attributes. Assuming packed data and reading anyway.
WARNING: glTF import: Buffer view byte stride should be declared for vertex attributes. Assuming packed data and reading anyway.
glTF: Total meshes: 1
glTF: Creating mesh for: flower_cluster_v2_species1_mid
[   1% ] [90m[1mimport[22m | Running Custom Script...[39m[0m
[  99% ] [90m[1mimport[22m | Saving...[39m[0m
Saving scene to: res://.godot/imported/flower_cluster_v2_species1_mid.glb-c474b839d4991d8ca84f0c5121764636.scn
[92m[ DONE ][39m [1mimport[22m
[0m
EditorFileSystem: "res://assets/packs/temperate_forest_v1/environment/benchmark_v2/flower_cluster_v2_species1_mid.glb" import took 7 ms.
[  99% ] [90m[1mreimport[22m | Finalizing Asset Import...[39m[0m
[92m[ DONE ][39m [1mreimport[22m
[0m
[   0% ] [90m[1mreimport[22m | Started (Re)Importing Assets (245 steps)[39m[0m
[   0% ] [90m[1mreimport[22m | Executing post-reimport operations...[39m[0m
[92m[ DONE ][39m [1mreimport[22m
[0m
[   0% ] [90m[1mloading_editor_layout[22m | Started Loading editor (5 steps)[39m[0m
[   0% ] [90m[1mloading_editor_layout[22m | Loading editor layout...[39m[0m
[  16% ] [90m[1mloading_editor_layout[22m | Loading docks...[39m[0m
[92m[ DONE ][39m [1mloading_editor_layout[22m
[0m
Loading resource: res://ui/frontend/main_menu.tscn
Loading resource: res://ui/frontend/main_menu.gd
Script docs haven't been properly loaded or regenerated, so don't save them to disk.
EditorSettings: Save OK!
XR: Clearing primary interface
XR: Removed interface "Native mobile"
XR: Removed interface "OpenXR"
Orphan StringName: Node (static: 3, total: 4)
StringName: 1 unclaimed string names at exit.
